#all species associated with D003863: Depression; Depressive states usually of moderate intensity in contrast with major depression present in neurotic and psychotic disorders.
#in total 358 valid runs were included in GMrepo.
#please consult our web site for more details.
phenotype	taxonomy rank level	NCBI taxon id	scientific name	super kingdom	Nr. runs in which the species/genus can be found	mean relative abundance	median relative abundance	SD of relative abundance
D003863	species	316	Pseudomonas stutzeri	Bacteria	4	0.00149704225	0.0008518005	0.00151958973294381	
D003863	species	817	Bacteroides fragilis	Bacteria	4	0.1850972825	0.15373605	0.192002017589566	
D003863	species	818	Bacteroides thetaiotaomicron	Bacteria	4	1.423115325	1.3655155	1.31387994013604	
D003863	species	820	Bacteroides uniformis	Bacteria	4	2.44886175	1.6555575	2.75810436634033	
D003863	species	821	Bacteroides vulgatus	Bacteria	4	4.2946279	2.4690805	5.63203342960923	
D003863	species	823	Parabacteroides distasonis	Bacteria	4	2.221629	2.205445	1.94610559161042	
D003863	species	837	Porphyromonas gingivalis	Bacteria	4	0.0013525795	0.001156475	0.000862269809298497	
D003863	species	839	Prevotella ruminicola	Bacteria	4	0.488094675	0.5329165	0.403259414987701	
D003863	species	840	Prevotella loescheii	Bacteria	4	0.12495065	0.1233407	0.112871376493349	
D003863	species	851	Fusobacterium nucleatum	Bacteria	4	0.0061499525	0.005704425	0.00338133501313091	
D003863	species	860	Fusobacterium periodonticum	Bacteria	4	0.00118449725	0.0008518005	0.000906470398912682	
D003863	species	881	Desulfovibrio vulgaris	Bacteria	4	0.0143800675	0.00393857	0.0221295344259708	
D003863	species	905	Acidaminococcus fermentans	Bacteria	4	0.6372138325	0.0463272	1.20724980229745	
D003863	species	907	Megasphaera elsdenii	Bacteria	4	0.756727595	0.13509351	1.33736024709669	
D003863	species	971	Selenomonas ruminantium	Bacteria	4	0.03359511025	0.03269325	0.02979750336146	
D003863	species	982	Saccharicrinis fermentans	Bacteria	4	0.00423331	0.002664855	0.0039028851954505	
D003863	species	1244	Leuconostoc gelidum	Bacteria	4	0.00270037225	0.0013831755	0.00328189704358443	
D003863	species	1245	Leuconostoc mesenteroides	Bacteria	4	0.00895263275	0.001332395	0.0157064384623026	
D003863	species	1264	Ruminococcus albus	Bacteria	4	0.04084315	0.0397903	0.0269485979257425	
D003863	species	1265	Ruminococcus flavefaciens	Bacteria	4	0.059674575	0.0388905	0.0616767071805002	
D003863	species	1267	Clostridium ventriculi	Bacteria	4	0.05327015	0.0430314	0.0362825804722229	
D003863	species	1282	Staphylococcus epidermidis	Bacteria	4	0.0063064695	0.002344435	0.00917255963142319	
D003863	species	1304	Streptococcus salivarius	Bacteria	4	0.0061256275	0.004218725	0.00624982567357616	
D003863	species	1406	Paenibacillus polymyxa	Bacteria	4	0.0080757275	0.004258915	0.00975838803041218	
D003863	species	1413	Bacillus cellulosilyticus	Bacteria	4	0.001299165	0.001265935	0.000223844297150199	
D003863	species	1493	Clostridium cellulovorans	Bacteria	4	0.00224856775	0.002051205	0.00153579738112603	
D003863	species	1502	Clostridium perfringens	Bacteria	4	0.0020923425	0.002051205	0.000949239726250259	
D003863	species	1506	Clostridium sp.	Bacteria	4	0.0049353625	0.00453381	0.00344291455277235	
D003863	species	1507	Clostridium sp. ATCC 29733	Bacteria	4	0.0033035025	0.00346579	0.00188093865927582	
D003863	species	1510	[Clostridium] stercorarium	Bacteria	4	0.0071735225	0.001960115	0.0110483801291302	
D003863	species	1512	[Clostridium] symbiosum	Bacteria	4	0.0830967325	0.0874149	0.0611224382809092	
D003863	species	1515	Ruminiclostridium thermocellum	Bacteria	4	0.1040907	0.0954072	0.0393305892182323	
D003863	species	1525	Moorella thermoacetica	Bacteria	4	0.002543595	0.002844325	0.000902977235981063	
D003863	species	1532	Blautia coccoides	Bacteria	4	0.02330297	0.02225507	0.0212731039870506	
D003863	species	1535	[Clostridium] leptum	Bacteria	4	0.19502275	0.187755	0.114134864560528	
D003863	species	1559	Clostridium tertium	Bacteria	4	0.0172795175	0.01944655	0.0057157181226181	
D003863	species	2741	Peptococcus niger	Bacteria	4	0.003345905	0.001906775	0.0035013801741837	
D003863	species	28037	Streptococcus mitis	Bacteria	4	0.00644601025	0.00507045	0.00689969986260419	
D003863	species	28111	Bacteroides eggerthii	Bacteria	4	0.655134675	0.32892875	0.851719660106201	
D003863	species	28112	Tannerella forsythia	Bacteria	4	0.012085327	0.0114018	0.0100407589554832	
D003863	species	28116	Bacteroides ovatus	Bacteria	4	1.67629085	1.1562065	1.9112205604669	
D003863	species	28117	Alistipes putredinis	Bacteria	4	2.2785822775	1.7580235	2.68075494878787	
D003863	species	28118	Odoribacter splanchnicus	Bacteria	4	0.418571275	0.4195015	0.404882306651413	
D003863	species	28119	Bacteroides zoogleoformans	Bacteria	4	0.0084989495	0.008720395	0.00641358124305922	
D003863	species	28125	Prevotella bivia	Bacteria	4	0.9439836425	0.5279035	1.25467631519348	
D003863	species	28126	Prevotella buccae	Bacteria	4	0.00687972025	0.00718807	0.00497244961277775	
D003863	species	28127	Prevotella buccalis	Bacteria	4	0.16814408	0.0408214	0.281689848711312	
D003863	species	28129	Prevotella denticola	Bacteria	4	0.0512364225	0.0640962	0.0314308655455009	
D003863	species	28130	Prevotella disiens	Bacteria	4	0.005966205	0.00532956	0.00300274364164398	
D003863	species	28131	Prevotella intermedia	Bacteria	4	0.00453012025	0.00186377	0.00617865321248465	
D003863	species	28132	Prevotella melaninogenica	Bacteria	4	0.00642346275	0.006681355	0.00511502441867194	
D003863	species	28134	Prevotella oralis	Bacteria	4	0.03308859775	0.009251775	0.0535717849537564	
D003863	species	28135	Prevotella oris	Bacteria	4	0.483326475	0.210389	0.670908155576879	
D003863	species	28136	Prevotella oulorum	Bacteria	4	0.393167295	0.06398375	0.702176819809038	
D003863	species	28137	Prevotella veroralis	Bacteria	4	0.094365965	0.10083575	0.0701564009676824	
D003863	species	28446	[Clostridium] propionicum	Bacteria	4	0.1487500175	0.1197735	0.145551878731816	
D003863	species	29348	[Clostridium] spiroforme	Bacteria	4	0.01330202	0.013062175	0.005660602726324	
D003863	species	29354	[Clostridium] celerecrescens	Bacteria	4	0.01560035	0.014753	0.00451937267143719	
D003863	species	29360	Cellulosilyticum lentocellum	Bacteria	4	0.0063460875	0.006040745	0.00304621515717866	
D003863	species	29370	[Clostridium] sphenoides	Bacteria	4	0.06091005	0.05356525	0.0376421219333253	
D003863	species	29375	[Clostridium] xylanolyticum	Bacteria	4	0.035195275	0.03892355	0.0133884420179932	
D003863	species	29466	Veillonella parvula	Bacteria	4	0.0101334675	0.005858305	0.010866861163689	
D003863	species	33035	Blautia producta	Bacteria	4	0.0065588325	0.00746033	0.0028720143019186	
D003863	species	33038	[Ruminococcus] gnavus	Bacteria	4	0.020579655	0.017559355	0.014186318258826	
D003863	species	33039	[Ruminococcus] torques	Bacteria	4	0.0567636225	0.02478665	0.0806009962370939	
D003863	species	33043	Coprococcus eutactus	Bacteria	4	0.0579271275	0.01197837	0.0939424611471431	
D003863	species	35785	Clostridium maximum	Bacteria	4	0.098729035	0.0444841	0.135260095078431	
D003863	species	35833	Bilophila wadsworthia	Bacteria	4	0.21847425	0.08902155	0.312356539277885	
D003863	species	36835	[Clostridium] colinum	Bacteria	4	0.011209395	0.006728675	0.00920142515482067	
D003863	species	36847	[Clostridium] neopropionicum	Bacteria	4	0.1384995225	0.1410875	0.114986435084631	
D003863	species	36874	Porphyromonas cangingivalis	Bacteria	4	0.0091403375	0.00372761	0.0122908774728207	
D003863	species	36875	Porphyromonas canoris	Bacteria	4	0.0078770645	0.002985275	0.0114975319532371	
D003863	species	38304	Corynebacterium tuberculostearicum	Bacteria	4	0.01152845775	0.010721295	0.0123226815502855	
D003863	species	39029	Megasphaera cerevisiae	Bacteria	4	0.0731712575	0.05642207	0.0820633148234266	
D003863	species	39484	Eubacterium desmolans	Bacteria	4	0.0491608	0.03872585	0.0428412883962033	
D003863	species	39485	[Eubacterium] eligens	Bacteria	4	0.145743245	0.1075526	0.154698567848152	
D003863	species	39486	Dorea formicigenerans	Bacteria	4	0.014533165	0.01265641	0.00937504858883586	
D003863	species	39488	[Eubacterium] hallii	Bacteria	4	0.054459255	0.04179045	0.0538309786128282	
D003863	species	39490	Eubacterium ramulus	Bacteria	4	0.01420417	0.009185045	0.0162377706307711	
D003863	species	39491	[Eubacterium] rectale	Bacteria	4	0.1185530375	0.0346632	0.188502334424145	
D003863	species	39492	[Eubacterium] siraeum	Bacteria	4	0.057638175	0.05557345	0.023797618655708	
D003863	species	39493	Clostridium tarantellae	Bacteria	4	0.0068722225	0.00646167	0.00198158102997539	
D003863	species	39496	Eubacterium ventriosum	Bacteria	4	0.043886175	0.0360295	0.0256590462746085	
D003863	species	39497	Eubacterium xylanophilum	Bacteria	4	0.0353628495	0.025599845	0.0429881452033835	
D003863	species	39777	Veillonella atypica	Bacteria	4	0.00397859	0.00117485	0.00568312177176124	
D003863	species	39778	Veillonella dispar	Bacteria	4	0.00368123	0.00374431	0.00138640021451239	
D003863	species	39950	Dialister pneumosintes	Bacteria	4	0.1455036	0.142125	0.117526243784555	
D003863	species	40518	Ruminococcus bromii	Bacteria	4	2.950303	0.962093	4.57603481341783	
D003863	species	40519	Ruminococcus callidus	Bacteria	4	0.1269440525	0.0939523	0.142296429695994	
D003863	species	40520	Blautia obeum	Bacteria	4	0.099141925	0.0993279	0.0131155507258559	
D003863	species	41976	Porphyromonas catoniae	Bacteria	4	0.035716927	0.03816355	0.0269963144154947	
D003863	species	42422	Halobacteroides halobius	Bacteria	4	0.00664805025	0.00713053	0.00460158581611386	
D003863	species	44749	Sporobacter termitidis	Bacteria	4	0.08498115	0.0786607	0.0489947480590522	
D003863	species	45254	Dysgonomonas capnocytophagoides	Bacteria	4	0.00857651	0.00399454	0.0101426902403192	
D003863	species	46124	Granulicatella adiacens	Bacteria	4	0.007290957	0.00181306	0.0118397386744509	
D003863	species	46469	Orenia marismortui	Bacteria	4	0.025789915	0.0127925	0.0332712052002464	
D003863	species	46503	Parabacteroides merdae	Bacteria	4	3.164545575	3.78799	2.31304763011422	
D003863	species	46506	Bacteroides stercoris	Bacteria	4	1.5817992	0.836441	2.13335974951159	
D003863	species	47246	[Clostridium] viride	Bacteria	4	0.0063653375	0.006244685	0.00471855384047821	
D003863	species	47678	Bacteroides caccae	Bacteria	4	1.033378525	0.8195215	1.02798431101898	
D003863	species	52226	Mitsuokella multacida	Bacteria	4	0.47744684	0.170222	0.730673978114395	
D003863	species	52787	Anaerofilum pentosovorans	Bacteria	4	0.0457642025	0.03166335	0.0490927126000661	
D003863	species	58138	Desulfotomaculum acetoxidans	Bacteria	4	0.007215375	0.005553825	0.00370512405196281	
D003863	species	61171	Holdemania filiformis	Bacteria	4	0.013610042	0.00740743	0.018052992738921	
D003863	species	69825	[Clostridium] indolis	Bacteria	4	0.24812975	0.2259845	0.123720102891904	
D003863	species	74426	Collinsella aerofaciens	Bacteria	4	0.129022175	0.129927	0.0295759524510905	
D003863	species	76123	Prevotella enoeca	Bacteria	4	0.06415878775	0.058576155	0.0698557410828563	
D003863	species	77095	Prevotella bryantii	Bacteria	4	0.0509692575	0.01847265	0.0743179158576129	
D003863	species	77768	Prevotella albensis	Bacteria	4	0.057071625	0.06595895	0.0283251708214178	
D003863	species	79209	Desulfosporosinus meridiei	Bacteria	4	0.0028619	0.001441855	0.00310073794430724	
D003863	species	83661	Desulfonispora thiosulfatigenes	Bacteria	4	0.00309249025	0.002676295	0.00254624093369688	
D003863	species	84026	[Clostridium] methylpentosum	Bacteria	4	0.2451878575	0.14776145	0.306708389051821	
D003863	species	84030	[Clostridium] saccharolyticum	Bacteria	4	0.07035335	0.07388425	0.029998169625551	
D003863	species	84031	Clostridium sartagoforme	Bacteria	4	0.00274803	0.00283654	0.00150199264325762	
D003863	species	84032	[Clostridium] thermosuccinogenes	Bacteria	4	0.00932599025	0.00578236	0.0107974455612875	
D003863	species	88431	Dorea longicatena	Bacteria	4	0.1206930375	0.0826882	0.133010333004792	
D003863	species	89152	[Clostridium] hiranonis	Bacteria	4	0.00314773525	0.001599395	0.00378836983699281	
D003863	species	91844	Candidatus Portiera aleyrodidarum	Bacteria	4	0.0057902925	0.00372761	0.00450153898686049	
D003863	species	94869	Clostridium gasigenes	Bacteria	4	0.0054885575	0.00447792	0.00456494081198121	
D003863	species	97253	Eubacterium plexicaudatum	Bacteria	4	0.0027213225	0.002676295	0.00149718519242778	
D003863	species	100884	Coprobacillus cateniformis	Bacteria	4	0.00260089775	0.00169311	0.00259086438609207	
D003863	species	103892	Veillonella ratti	Bacteria	4	0.0069328875	0.002082695	0.0103988792446987	
D003863	species	114528	Mogibacterium neglectum	Bacteria	4	0.00322866	0.0037978	0.00145669592956114	
D003863	species	115979	Bacillus nealsonii	Bacteria	4	0.049891585	0.05294845	0.0377422382198102	
D003863	species	118748	Bulleidia extructa	Bacteria	4	0.00848157275	0.001156475	0.014996116853337	
D003863	species	133453	Caldilinea aerophila	Bacteria	4	0.016210485	0.010573625	0.0134676121213785	
D003863	species	133926	Olsenella uli	Bacteria	4	0.07455296025	0.012515	0.132114932844241	
D003863	species	137732	Granulicatella elegans	Bacteria	4	0.01034913275	0.010376345	0.0087176098170483	
D003863	species	138595	Olsenella profusa	Bacteria	4	0.0045568275	0.001703595	0.00614715950809464	
D003863	species	143393	[Eubacterium] sulci	Bacteria	4	0.0091464125	0.00633577	0.009161378209474	
D003863	species	147207	Collinsella intestinalis	Bacteria	4	0.00497959	0.00399717	0.00354984476495334	
D003863	species	151276	Bacteroides coprosuis	Bacteria	4	0.01841760025	0.01622248	0.0193917828830124	
D003863	species	151895	Pseudopedobacter saltans	Bacteria	4	0.008693497	0.00149264	0.0150516822785808	
D003863	species	152297	Pseudoalteromonas issachenkonii	Bacteria	4	0.00087194975	0.0008518005	0.000340142185438555	
D003863	species	156974	Dysgonomonas gadei	Bacteria	4	0.003757465	0.00356839	0.00190425911082675	
D003863	species	165179	Prevotella copri	Bacteria	4	22.5543775	23.483475	23.1687243699351	
D003863	species	166486	Roseburia intestinalis	Bacteria	4	0.0346048	0.0246778	0.020729530148237	
D003863	species	167964	Anaerolinea thermophila	Bacteria	4	0.0313988	0.02232205	0.0226286441206715	
D003863	species	169435	Anaerotruncus colihominis	Bacteria	4	0.145167225	0.131087	0.0840155746490048	
D003863	species	180164	Blautia schinkii	Bacteria	4	0.06851235	0.04211035	0.0709233092146017	
D003863	species	185293	Prevotella oryzae	Bacteria	4	0.1304476	0.1294535	0.0289345152273198	
D003863	species	185294	Prevotella paludivivens	Bacteria	4	0.704451875	0.772951	0.57358615571978	
D003863	species	185300	Paludibacter propionicigenes	Bacteria	4	0.076282785	0.0761405	0.0596516199428948	
D003863	species	187327	Acidaminococcus intestini	Bacteria	4	1.867273475	0.970639	2.42774815239668	
D003863	species	191579	Fluviicola taffensis	Bacteria	4	0.0196025	0.01961365	0.00397443759291802	
D003863	species	204516	Bacteroides massiliensis	Bacteria	4	1.806598175	0.2923573	3.22941190131189	
D003863	species	208479	[Clostridium] bolteae	Bacteria	4	0.105568875	0.06157235	0.104193437579257	
D003863	species	214853	Anaerofustis stercorihominis	Bacteria	4	0.001459375	0.00142611	0.000381189175475905	
D003863	species	214856	Alistipes finegoldii	Bacteria	4	0.83081966	0.67885525	0.9476037541216	
D003863	species	218538	Dialister invisus	Bacteria	4	3.0283982	2.092905	3.46238414215094	
D003863	species	219748	Clostridium tunisiense	Bacteria	4	0.00127245525	0.001156475	0.00062959398262445	
D003863	species	228603	Prevotella shahii	Bacteria	4	0.450467725	0.2066695	0.624783098392263	
D003863	species	228604	Prevotella salivae	Bacteria	4	0.0724180575	0.07000525	0.0656778487098191	
D003863	species	239935	Akkermansia muciniphila	Bacteria	4	0.03051533	0.013127925	0.0410529512773515	
D003863	species	246787	Bacteroides cellulosilyticus	Bacteria	4	0.407184035	0.272484	0.478240613639318	
D003863	species	253245	Owenweeksia hongkongensis	Bacteria	4	0.00352945	0.002776955	0.00310011917496731	
D003863	species	261299	Intestinibacter bartlettii	Bacteria	4	0.00235147	0.00229628	0.00114071779150966	
D003863	species	288965	[Clostridium] clariflavum	Bacteria	4	0.0153328875	0.0101275	0.0115203792270028	
D003863	species	290053	Bacteroides helcogenes	Bacteria	4	0.043991925	0.02523325	0.0416604767166976	
D003863	species	291644	Bacteroides salyersiae	Bacteria	4	0.0753951025	0.008470185	0.137811234918955	
D003863	species	291645	Bacteroides nordii	Bacteria	4	0.0253486075	0.0213788	0.0241401386509735	
D003863	species	301301	Roseburia hominis	Bacteria	4	0.154188575	0.0869495	0.185770457266638	
D003863	species	309120	Dialister micraerophilus	Bacteria	4	0.058157395	0.0364206	0.0692574924993686	
D003863	species	310297	Bacteroides plebeius	Bacteria	4	0.0377656475	0.022944845	0.0432987653254958	
D003863	species	310298	Bacteroides coprocola	Bacteria	4	0.44816125	0.15128	0.628291344844293	
D003863	species	310300	Bacteroides pyogenes	Bacteria	4	0.0140971945	0.009799685	0.0154191889249904	
D003863	species	310514	Prevotella multisaccharivorax	Bacteria	4	0.015683695	0.0157243	0.0121799439166785	
D003863	species	314275	Alteromonas mediterranea	Bacteria	4	0.0086184175	0.00742278	0.00755366511552449	
D003863	species	316068	Leadbetterella byssophila	Bacteria	4	0.001825337	0.00178157	0.00123908575056881	
D003863	species	319644	Saccharofermentans acetigenes	Bacteria	4	0.0088021675	0.010392125	0.00494025191701378	
D003863	species	328812	Parabacteroides goldsteinii	Bacteria	4	0.087090252	0.081953	0.0757186987391931	
D003863	species	328813	Alistipes onderdonkii	Bacteria	4	0.5148979875	0.10954895	0.88561435967702	
D003863	species	328814	Alistipes shahii	Bacteria	4	0.626762375	0.4817405	0.650560403654851	
D003863	species	329854	Bacteroides intestinalis	Bacteria	4	0.44271555	0.321707	0.520682211431	
D003863	species	330214	Nitrospira defluvii	Bacteria	4	0.0034869925	0.001441855	0.00434864722378025	
D003863	species	332163	Candidatus Solibacter usitatus	Bacteria	4	0.0120860375	0.012263795	0.00858939554563407	
D003863	species	338188	Bacteroides finegoldii	Bacteria	4	0.1473155075	0.0214725	0.265218829215531	
D003863	species	339862	Desulfosporosinus youngiae	Bacteria	4	0.0084165875	0.008088095	0.0050505408811029	
D003863	species	351091	Oscillibacter valericigenes	Bacteria	4	2.03388	1.97107	1.09348159868681	
D003863	species	357276	Bacteroides dorei	Bacteria	4	0.810882825	0.1113016	1.47018120127	
D003863	species	371601	Bacteroides xylanisolvens	Bacteria	4	0.7933831925	0.55733335	0.962436730555619	
D003863	species	376804	Bacteroides barnesiae	Bacteria	4	0.055636075	0.0630143	0.0310101393386502	
D003863	species	376805	Bacteroides salanitronis	Bacteria	4	0.0024583045	0.00240666	0.00195204924019887	
D003863	species	376806	Bacteroides gallinarum	Bacteria	4	0.0204508125	0.0171906	0.017979005603591	
D003863	species	386414	Prevotella timonensis	Bacteria	4	0.02301022	0.0266268	0.0155778004650721	
D003863	species	387090	Bacteroides coprophilus	Bacteria	4	0.0393957875	0.01846705	0.0491408048688388	
D003863	species	387093	Sulfurovum sp. NBC37-1	Bacteria	4	0.0029283925	0.002555395	0.00154199209795587	
D003863	species	387661	Parabacteroides johnsonii	Bacteria	4	0.4981983	0.2750655	0.632292865591644	
D003863	species	397865	Barnesiella viscericola	Bacteria	4	2.545904075	2.2281045	2.70169365166037	
D003863	species	410072	Coprococcus comes	Bacteria	4	0.39895325	0.206394	0.413163447885842	
D003863	species	416016	Flavobacterium cucumis	Bacteria	4	0.007254095	0.004688875	0.00694671589981194	
D003863	species	454154	Paraprevotella clara	Bacteria	4	1.063366825	0.907813	1.06952217285374	
D003863	species	454155	Paraprevotella xylaniphila	Bacteria	4	0.0156465525	0.01193662	0.0127674786403773	
D003863	species	467997	Weissella ghanensis	Bacteria	4	0.003597215	0.00356313	0.00182373315432019	
D003863	species	470565	Prevotella histicola	Bacteria	4	0.01341918	0.0163123	0.00785184849575351	
D003863	species	477666	Bacteroides graminisolvens	Bacteria	4	0.10213305	0.0983547	0.0530452094695019	
D003863	species	511435	Candidatus Azobacteroides pseudotrichonymphae	Bacteria	4	0.00113763725	0.0009455155	0.000730236372050117	
D003863	species	536633	Blautia glucerasea	Bacteria	4	0.038229775	0.03619455	0.00760942112400806	
D003863	species	551990	Flavobacterium glycines	Bacteria	4	0.0037793875	0.002024015	0.00417330665780645	
D003863	species	574930	Parabacteroides gordonii	Bacteria	4	0.1275632575	0.1493095	0.0900080289549691	
D003863	species	589436	Prevotella fusca	Bacteria	4	0.3231044	0.307718	0.262668349568754	
D003863	species	589537	Prevotella dentasini	Bacteria	4	0.01448712	0.0095806	0.0160469255271822	
D003863	species	591197	Ignavibacterium album	Bacteria	4	0.002758535	0.002852215	0.000536800882419791	
D003863	species	626930	Bacteroides fluxus	Bacteria	4	0.1573320575	0.1065511	0.179657493084506	
D003863	species	626931	Bacteroides oleiciplenus	Bacteria	4	0.065503	0.04000695	0.0766261827816489	
D003863	species	626932	Alistipes indistinctus	Bacteria	4	1.0845700075	0.480317	1.54403039200442	
D003863	species	626933	Odoribacter laneus	Bacteria	4	0.0349775725	0.010039765	0.0563908290039479	
D003863	species	633701	Prevotella saccharolytica	Bacteria	4	1.3536424325	1.3204815	1.37736389308362	
D003863	species	652716	Prevotella sp. oral taxon 299	Bacteria	4	0.010682455	0.00790787	0.0105319023922224	
D003863	species	671267	Bacteroides sartorii	Bacteria	4	0.07971514	0.04156925	0.106118348504952	
D003863	species	673862	Candidatus Babela massiliensis	Bacteria	4	0.0135691725	0.009588475	0.0120972402088944	
D003863	species	691816	Bacteroides rodentium	Bacteria	4	0.043262125	0.04022555	0.01488848221487	
D003863	species	732242	Bacteroides paurosaccharolyticus	Bacteria	4	0.062232045	0.01178571	0.108512920695448	
D003863	species	863643	Thermincola potens	Bacteria	4	0.00453091	0.003724905	0.00321267335217884	
D003863	species	871324	Bacteroides stercorirosoris	Bacteria	4	0.060941005	0.0316305	0.0811822553363732	
D003863	species	871325	Bacteroides faecichinchillae	Bacteria	4	0.05844845	0.0462798	0.0522675994271467	
D003863	species	871327	Parabacteroides chinchillae	Bacteria	4	0.018458152	0.02227215	0.0124502942854597	
D003863	species	884684	Mageeibacillus indolicus	Bacteria	4	0.006187155	0.006248005	0.00241614279700104	
D003863	species	1133319	Bacteroides reticulotermitis	Bacteria	4	0.0247451875	0.021452215	0.0255127689025233	
D003863	species	1161942	Ruminococcus champanellensis	Bacteria	4	0.2561038325	0.1883464	0.288793956830084	
D003863	species	1297750	Bacteroides luti	Bacteria	4	0.0093710075	0.007313705	0.00975424568739642	
D003863	species	1346286	Dysgonomonas macrotermitis	Bacteria	4	0.0053688195	0.002344435	0.0073079268893315	
D003863	species	1463889	Streptomyces sp. NRRL S-1824	Bacteria	4	0.00219782	0.002312945	0.000441722577115245	
D003863	species	1465754	Alistipes timonensis	Bacteria	4	0.423371265	0.3204185	0.497284674040521	
D003863	species	1484053	Mariniphaga anaerophila	Bacteria	4	0.0017706045	0.002024015	0.000858444216258498	
D003863	species	1755610	Alistipes sp. MC_19	Bacteria	4	0.0033771125	0.003097375	0.00270851629518666	
D003863	species	1755626	Faecalibacterium sp. MC_41	Bacteria	4	2.38842	2.30617	1.1286762648637	
D003863	species	19	Pelobacter carbinolicus	Bacteria	3	0.00223478366666667	0.00106276	0.00240466863174333	
D003863	species	294	Pseudomonas fluorescens	Bacteria	3	0.001520357	0.00125019	0.0010412275454083	
D003863	species	833	Fibrobacter succinogenes	Bacteria	3	0.00198838033333333	0.00213603	0.00128011677028322	
D003863	species	850	Fusobacterium mortiferum	Bacteria	3	0.00493975	0.00531378	0.00221320733807296	
D003863	species	856	Fusobacterium varium	Bacteria	3	0.002168137	0.00212551	0.00154904944379997	
D003863	species	859	Fusobacterium necrophorum	Bacteria	3	0.00220024	0.00128168	0.00177923764719612	
D003863	species	876	Desulfovibrio desulfuricans	Bacteria	3	0.0274704133333333	0.0134577	0.030724006581345	
D003863	species	959	Bdellovibrio bacteriovorus	Bacteria	3	0.00714872033333333	0.00425102	0.00834308364770007	
D003863	species	989	Marinilabilia salmonicolor	Bacteria	3	0.00155246	0.00128168	0.000496525560167853	
D003863	species	1303	Streptococcus oralis	Bacteria	3	0.00143868933333333	0.00128168	0.000992544033613287	
D003863	species	1307	Streptococcus suis	Bacteria	3	0.003069997	0.00106802	0.00384341322554276	
D003863	species	1308	Streptococcus thermophilus	Bacteria	3	0.001641803	0.000640841	0.00182701816801558	
D003863	species	1338	Streptococcus intermedius	Bacteria	3	0.00178244266666667	0.00106276	0.00172482145386163	
D003863	species	1352	Enterococcus faecium	Bacteria	3	0.00122507633333333	0.000640841	0.00110573636285162	
D003863	species	1379	Gemella haemolysans	Bacteria	3	0.00119996333333333	0.00125019	0.00011534594675728	
D003863	species	1472	Paenibacillus pabuli	Bacteria	3	0.00130499333333333	0.00125019	0.000273780180497664	
D003863	species	1491	Clostridium botulinum	Bacteria	3	0.00206902933333333	0.00192252	0.00161327320399904	
D003863	species	1497	Clostridium formicaceticum	Bacteria	3	0.00326719	0.00373806	0.00201077851284024	
D003863	species	1499	[Clostridium] josui	Bacteria	3	0.001527346	0.00192252	0.00086622255899278	
D003863	species	1503	[Clostridium] purinilyticum	Bacteria	3	0.00112699	0.00106802	0.000106726739386154	
D003863	species	1504	Clostridium septicum	Bacteria	3	0.00116435366666667	0.00125019	0.000486309552158225	
D003863	species	1522	[Clostridium] innocuum	Bacteria	3	0.00217230366666667	0.00212551	0.00155538750804111	
D003863	species	1599	Lactobacillus sakei	Bacteria	3	0.00331921933333333	0.00192252	0.00368758376332272	
D003863	species	1630	Kandleria vitulina	Bacteria	3	0.546445613666667	0.408516	0.626266771929729	
D003863	species	1735	Holdemanella biformis	Bacteria	3	0.0793950666666667	0.0722674	0.030195761286865	
D003863	species	28124	Porphyromonas endodontalis	Bacteria	3	0.00223478366666667	0.00106276	0.00240466863174333	
D003863	species	28128	Prevotella corporis	Bacteria	3	0.00255518	0.00160203	0.0021350204921499	
D003863	species	28139	Rikenella microfusus	Bacteria	3	0.00756931333333333	0.00576757	0.00550757073006179	
D003863	species	28197	Arcobacter butzleri	Bacteria	3	0.00287839366666667	0.00318827	0.00209983348436973	
D003863	species	29347	[Clostridium] scindens	Bacteria	3	0.000745869666666667	0.000640841	0.000279585291087234	
D003863	species	29355	[Clostridium] cellobioparum	Bacteria	3	0.001279877	0.00106276	0.00077087766876269	
D003863	species	29356	Clostridium chartatabidum	Bacteria	3	0.00522763	0.00480607	0.00333295530051034	
D003863	species	29363	Clostridium paraputrificum	Bacteria	3	0.001101877	0.00106276	0.000481786963498391	
D003863	species	29369	Clostridium sardiniense	Bacteria	3	0.00161669333333333	0.00128168	0.000772715499089628	
D003863	species	29371	[Clostridium] termitidis	Bacteria	3	0.00332791333333333	0.00267004	0.00265591809364169	
D003863	species	33954	Clostridium magnum	Bacteria	3	0.00169836033333333	0.00125019	0.00133908647225649	
D003863	species	35517	[Eubacterium] brachy	Bacteria	3	0.00498545	0.00425102	0.00224063438001384	
D003863	species	35825	Pseudobacteroides cellulosolvens	Bacteria	3	0.003243827	0.00375056	0.00239025010087794	
D003863	species	35839	Holophaga foetida	Bacteria	3	0.00112699	0.00106802	0.000106726739386154	
D003863	species	36849	Oxobacter pfennigii	Bacteria	3	0.0051768	0.00448589	0.00308054313177076	
D003863	species	39482	[Eubacterium] contortum	Bacteria	3	0.00267245666666667	0.00320405	0.00142056707480968	
D003863	species	41211	Desulfotomaculum sp.	Bacteria	3	0.00251712633333333	0.000640841	0.00334276843636862	
D003863	species	43305	Butyrivibrio proteoclasticus	Bacteria	3	0.00116435366666667	0.00125019	0.000486309552158225	
D003863	species	43948	Tolumonas auensis	Bacteria	3	0.00112699	0.00106802	0.000106726739386154	
D003863	species	44252	Paenibacillus macerans	Bacteria	3	0.00181805366666667	0.00106276	0.00168684304454218	
D003863	species	44742	Desulfovibrio fairfieldensis	Bacteria	3	0.0115707866666667	0.0125019	0.0100747919447765	
D003863	species	45629	Desulfovibrio halophilus	Bacteria	3	0.000745869666666667	0.000640841	0.000279585291087234	
D003863	species	46206	Pseudobutyrivibrio ruminis	Bacteria	3	0.00362962666666667	0.00213603	0.00355717570331202	
D003863	species	46228	Ruminococcus lactaris	Bacteria	3	0.0179476	0.00375056	0.0255314691065281	
D003863	species	46609	Clostridium pascui	Bacteria	3	0.00130499333333333	0.00125019	0.000273780180497664	
D003863	species	47679	Sporomusa sphaeroides	Bacteria	3	0.00374464333333333	0.00267004	0.00335100452211472	
D003863	species	49118	Candidatus Arthromitus sp. SFB-mouse	Bacteria	3	0.00237717666666667	0.00106802	0.00227208267750831	
D003863	species	52227	Prevotella dentalis	Bacteria	3	0.00491349666666667	0.00373806	0.0031687930218355	
D003863	species	53422	Thermobrachium celere	Bacteria	3	0.00412266033333333	0.00425102	0.00341944687120305	
D003863	species	53443	Blautia hydrogenotrophica	Bacteria	3	0.002471097	0.00250038	0.00181579159959975	
D003863	species	59610	Desulfotomaculum reducens	Bacteria	3	0.000984597	0.00106276	0.000312103575559461	
D003863	species	66219	Lachnoclostridium phytofermentans	Bacteria	3	0.001520357	0.00125019	0.0010412275454083	
D003863	species	69823	Selenomonas sputigena	Bacteria	3	0.00403817	0.00373806	0.00207902445399279	
D003863	species	78120	Succinispira mobilis	Bacteria	3	0.00231645	0.00213603	0.00135295260164575	
D003863	species	84109	Slackia exigua	Bacteria	3	0.01522562	0.00425102	0.0203930601569357	
D003863	species	84112	Eggerthella lenta	Bacteria	3	0.001173096	0.00106276	0.000700800911962877	
D003863	species	86957	Selenomonas lacticifex	Bacteria	3	0.00338096	0.00320405	0.000320180218158461	
D003863	species	94009	Thermicanus aegyptius	Bacteria	3	0.000745869666666667	0.000640841	0.000279585291087234	
D003863	species	97477	Anaerobaculum mobile	Bacteria	3	0.00181805366666667	0.00106276	0.00168684304454218	
D003863	species	100134	Anaerocolumna xylanovorans	Bacteria	3	0.000745869666666667	0.000640841	0.000279585291087234	
D003863	species	102134	Desulfotomaculum gibsoniae	Bacteria	3	0.00116435366666667	0.00125019	0.000486309552158225	
D003863	species	102170	Desulfotomaculum sapomandens	Bacteria	3	0.00122507633333333	0.000640841	0.00110573636285162	
D003863	species	105841	Anaerostipes caccae	Bacteria	3	0.00174095933333333	0.00212551	0.00106793108223393	
D003863	species	118967	Anaerorhabdus furcosa	Bacteria	3	0.00130499333333333	0.00125019	0.000273780180497664	
D003863	species	135083	Selenomonas noxia	Bacteria	3	0.00183724333333333	0.00212551	0.00050843030961316	
D003863	species	142842	Selenihalanaerobacter shriftii	Bacteria	3	0.00148124	0.00125019	0.000565340032104573	
D003863	species	146817	Dendrosporobacter quercicolus	Bacteria	3	0.00201524666666667	0.00212551	0.000716318370302852	
D003863	species	156456	Anaeroglobus geminatus	Bacteria	3	0.00774091666666667	0.00318827	0.00958409892828915	
D003863	species	189722	Prevotella marshii	Bacteria	3	0.00332024	0.00318827	0.000893187228245008	
D003863	species	189723	Prevotella micans	Bacteria	3	0.002722	0.00160203	0.00225143077235344	
D003863	species	208226	Alkaliphilus metalliredigens	Bacteria	3	0.000808346333333333	0.000640841	0.000386358242829545	
D003863	species	229545	Aster yellows witches'-broom phytoplasma	Bacteria	3	0.002058533	0.000640841	0.00254859451046827	
D003863	species	237258	Cloacibacterium normanense	Bacteria	3	0.00122507633333333	0.000640841	0.00110573636285162	
D003863	species	252966	Mahella australiensis	Bacteria	3	0.000984597	0.00106276	0.000312103575559461	
D003863	species	253239	Ethanoligenens harbinense	Bacteria	3	0.00451501	0.00500075	0.00114780370895898	
D003863	species	281920	Porphyromonas uenonis	Bacteria	3	0.00181805366666667	0.00106276	0.00168684304454218	
D003863	species	282402	Prevotella multiformis	Bacteria	3	0.00397569333333333	0.00373806	0.000929313261733272	
D003863	species	294710	Proteiniphilum acetatigenes	Bacteria	3	0.0132733666666667	0.00769009	0.0147542961406986	
D003863	species	341225	[Clostridium] saccharogumia	Bacteria	3	0.0115857566666667	0.0128162	0.00785488011542082	
D003863	species	349221	Micavibrio aeruginosavorus	Bacteria	3	0.00154372	0.00106802	0.000828496037166141	
D003863	species	358742	[Clostridium] aldenense	Bacteria	3	0.00439066666666667	0.00425102	0.0017945297701998	
D003863	species	363277	Ktedonobacter racemifer	Bacteria	3	0.00446082666666667	0.00106802	0.00588106940861382	
D003863	species	392838	Bacteroides propionicifaciens	Bacteria	3	0.00700144666666667	0.00512673	0.00603575353143527	
D003863	species	393921	Porphyromonas crevioricanis	Bacteria	3	0.003105606	0.00128168	0.00382494794485206	
D003863	species	395922	Coraliomargarita akajimensis	Bacteria	3	0.01087689	0.00320405	0.0144138358556388	
D003863	species	407975	Prevotella pleuritidis	Bacteria	3	0.00520877666666667	0.00587409	0.00367142339407121	
D003863	species	419005	Prevotella amnii	Bacteria	3	0.01588785	0.0116903	0.0134850850578519	
D003863	species	425941	Prevotella nanceiensis	Bacteria	3	0.000948986	0.00106276	0.000371399456903211	
D003863	species	437898	Sutterella parvirubra	Bacteria	3	0.185676566666667	0.0525079	0.233123165858615	
D003863	species	439703	Prevotella maculosa	Bacteria	3	0.00502902	0.00427207	0.00420867138654231	
D003863	species	461876	Alkaliphilus oremlandii	Bacteria	3	0.00237717666666667	0.00106802	0.00227208267750831	
D003863	species	487175	Parasutterella excrementihominis	Bacteria	3	0.00520351	0.00267004	0.00566240469091534	
D003863	species	589437	Prevotella scopos	Bacteria	3	0.138007066666667	0.0275041	0.196833345862695	
D003863	species	626935	Collinsella tanakaei	Bacteria	3	0.00803338933333333	0.00106276	0.012534185302183	
D003863	species	626937	Christensenella minuta	Bacteria	3	0.00872589666666667	0.0100015	0.00376779162906248	
D003863	species	645466	Anaerostipes butyraticus	Bacteria	3	0.00365987	0.00425102	0.00152997022601749	
D003863	species	650643	Alistipes sp. RMA 9912	Bacteria	3	0.307440566666667	0.0162524	0.504622143706797	
D003863	species	688867	Ohtaekwangia koreensis	Bacteria	3	0.00143868933333333	0.00128168	0.000992544033613287	
D003863	species	755731	Clostridium sp. BNL1100	Bacteria	3	0.00203342	0.00128168	0.00149091917406679	
D003863	species	882141	Bacillus sp. IHB B 2296	Bacteria	3	0.00199013366666667	0.00212551	0.00128695577163333	
D003863	species	1113802	Marinobacter sp. NBRC 101709	Bacteria	3	0.001819807	0.00106802	0.00168566777117171	
D003863	species	1121298	Clostridium amylolyticum	Bacteria	3	0.00156471333333333	0.00106802	0.000864857381614641	
D003863	species	1122943	Pedobacter oryzae	Bacteria	3	0.00178244266666667	0.00106276	0.00172482145386163	
D003863	species	1211639	Laceyella sp. CCTCC AB 2012157	Bacteria	3	0.00192071666666667	0.00213603	0.000773123511240819	
D003863	species	1566358	Paenibacillus sp. IHBB 10380	Bacteria	3	0.00158108366666667	0.00160203	0.000929946441893475	
D003863	species	1755607	Bacteroides sp. MC_16	Bacteria	3	0.00511040333333333	0.0032042	0.0042700132296087	
D003863	species	1755629	Victivallis sp. MC_44	Bacteria	3	0.00231645	0.00213603	0.00135295260164575	
D003863	species	9	Buchnera aphidicola	Bacteria	2	0.001156475	0.001156475	0.000132533023997795	
D003863	species	287	Pseudomonas aeruginosa	Bacteria	2	0.0008518005	0.0008518005	0.000298341786011447	
D003863	species	329	Ralstonia pickettii	Bacteria	2	0.000798384	0.000798384	0.000373884124765949	
D003863	species	438	Acetobacter pasteurianus	Bacteria	2	0.000798384	0.000798384	0.000373884124765949	
D003863	species	453	Legionella feeleii	Bacteria	2	0.00106539	0.00106539	3.71938166904123e-06	
D003863	species	582	Morganella morganii	Bacteria	2	0.00553213	0.00553213	0.00632064366926344	
D003863	species	638	Arsenophonus nasoniae	Bacteria	2	0.0008518005	0.0008518005	0.000298341786011447	
D003863	species	729	Haemophilus parainfluenzae	Bacteria	2	0.031600255	0.031600255	0.0348718830819623	
D003863	species	736	Haemophilus paraphrohaemolyticus	Bacteria	2	0.002051205	0.002051205	0.000635229376878935	
D003863	species	777	Coxiella burnetii	Bacteria	2	0.0005874245	0.0005874245	7.55423387545024e-05	
D003863	species	831	Butyrivibrio fibrisolvens	Bacteria	2	0.001156475	0.001156475	0.000132533023997795	
D003863	species	847	Oxalobacter formigenes	Bacteria	2	0.01031508	0.01031508	0.0109625875557188	
D003863	species	852	Fusobacterium perfoetens	Bacteria	2	0.0005874245	0.0005874245	7.55423387545024e-05	
D003863	species	867	Ruminobacter amylophilus	Bacteria	2	0.00532167	0.00532167	0.00299476692395251	
D003863	species	889	Desulfovibrio longus	Bacteria	2	0.0008518005	0.0008518005	0.000298341786011447	
D003863	species	901	Desulfovibrio piger	Bacteria	2	0.1035327	0.1035327	0.114592735009598	
D003863	species	948	Anaplasma phagocytophilum	Bacteria	2	0.0008518005	0.0008518005	0.000298341786011447	
D003863	species	986	Flavobacterium johnsoniae	Bacteria	2	0.0009455155	0.0009455155	0.000430874810009242	
D003863	species	990	Cytophaga xylanolytica	Bacteria	2	0.002128145	0.002128145	0.00149924315281078	
D003863	species	995	Solitalea canadensis	Bacteria	2	0.0008518005	0.0008518005	0.000298341786011447	
D003863	species	1048	Marichromatium gracile	Bacteria	2	0.0005874245	0.0005874245	7.55423387545024e-05	
D003863	species	1052	Halorhodospira halochloris	Bacteria	2	0.00178157	0.00178157	0.0010165508507694	
D003863	species	1258	Peptoniphilus asaccharolyticus	Bacteria	2	0.001156475	0.001156475	0.000132533023997795	
D003863	species	1280	Staphylococcus aureus	Bacteria	2	0.00317271	0.00317271	0.000950818204390303	
D003863	species	1311	Streptococcus agalactiae	Bacteria	2	0.00330139	0.00330139	0.00240325795935434	
D003863	species	1341	Streptococcus ratti	Bacteria	2	0.002142284	0.002142284	0.00227444573123915	
D003863	species	1349	Streptococcus uberis	Bacteria	2	0.001265935	0.001265935	2.22667925395645e-05	
D003863	species	1354	Enterococcus hirae	Bacteria	2	0.001156475	0.001156475	0.000132533023997795	
D003863	species	1355	Enterococcus columbae	Bacteria	2	0.00142611	0.00142611	0.000248788449892675	
D003863	species	1408	Bacillus pumilus	Bacteria	2	0.0009455155	0.0009455155	0.000430874810009242	
D003863	species	1501	Clostridium pasteurianum	Bacteria	2	0.0017842	0.0017842	0.00101283146910036	
D003863	species	1511	[Clostridium] sticklandii	Bacteria	2	0.0008518005	0.0008518005	0.000298341786011447	
D003863	species	1538	Clostridium ljungdahlii	Bacteria	2	0.00251612	0.00251612	0.00174576178993584	
D003863	species	1547	Erysipelatoclostridium ramosum	Bacteria	2	0.01620244	0.01620244	0.0193776390844499	
D003863	species	1548	Clostridium scatologenes	Bacteria	2	0.0009455155	0.0009455155	0.000430874810009242	
D003863	species	1550	Clostridium subterminale	Bacteria	2	0.000798384	0.000798384	0.000373884124765949	
D003863	species	1553	Clostridium tetanomorphum	Bacteria	2	0.000798384	0.000798384	0.000373884124765949	
D003863	species	1561	Clostridium baratii	Bacteria	2	0.0026167	0.0026167	7.54341514169806e-05	
D003863	species	1563	Desulfosporosinus orientis	Bacteria	2	0.001156475	0.001156475	0.000132533023997795	
D003863	species	1564	Desulfotomaculum ruminis	Bacteria	2	0.000798384	0.000798384	0.000373884124765949	
D003863	species	1565	Desulfotomaculum nigrificans	Bacteria	2	0.00221923	0.00221923	0.00137042951048202	
D003863	species	1580	Lactobacillus brevis	Bacteria	2	0.0005874245	0.0005874245	7.55423387545024e-05	
D003863	species	1620	Weissella minor	Bacteria	2	0.0009455155	0.0009455155	0.000430874810009242	
D003863	species	1629	Weissella viridescens	Bacteria	2	0.0053211705	0.0053211705	0.00661898545527489	
D003863	species	1680	Bifidobacterium adolescentis	Bacteria	2	0.03741193	0.03741193	0.0514054891950052	
D003863	species	1708	Cellulomonas fimi	Bacteria	2	0.001517194	0.001517194	0.00139043497553535	
D003863	species	1731	Eubacterium acidaminophilum	Bacteria	2	0.00117222	0.00117222	0.000154799816537359	
D003863	species	2088	Anaeroplasma bactoclasticum	Bacteria	2	0.005977755	0.005977755	0.00392239909698771	
D003863	species	2358	Desulfomonile tiedjei	Bacteria	2	0.000798384	0.000798384	0.000373884124765949	
D003863	species	2736	Verrucomicrobium spinosum	Bacteria	2	0.00168785	0.00168785	0.000618944707708209	
D003863	species	28122	Fibrobacter intestinalis	Bacteria	2	0.004909665	0.004909665	0.00543290646082279	
D003863	species	28199	Arcobacter nitrofigilis	Bacteria	2	0.000892099	0.000892099	0.000506417148763744	
D003863	species	28232	Geobacter metallireducens	Bacteria	2	0.0009455155	0.0009455155	0.000430874810009242	
D003863	species	29524	Porphyromonas circumdentaria	Bacteria	2	0.010158965	0.010158965	0.00375874630354989	
D003863	species	29529	Chitinophaga arvensicola	Bacteria	2	0.002189524	0.002189524	0.00234125317992566	
D003863	species	29542	Pelobacter acetylenicus	Bacteria	2	0.003031755	0.003031755	0.00278457943324481	
D003863	species	31909	Halothermothrix orenii	Bacteria	2	0.00178157	0.00178157	0.0010165508507694	
D003863	species	33033	Parvimonas micra	Bacteria	2	0.004281945	0.004281945	0.00455261508678803	
D003863	species	33934	Anoxybacillus flavithermus	Bacteria	2	0.00740743	0.00740743	0.00897271836278171	
D003863	species	33953	Clostridium aminobutyricum	Bacteria	2	0.00489716	0.00489716	0.00515759443556781	
D003863	species	33968	Leuconostoc pseudomesenteroides	Bacteria	2	0.0005874245	0.0005874245	7.55423387545024e-05	
D003863	species	35519	Mogibacterium timidum	Bacteria	2	0.001586355	0.001586355	0.000475409102195152	
D003863	species	35554	Geobacter sulfurreducens	Bacteria	2	0.0008518005	0.0008518005	0.000298341786011447	
D003863	species	36854	Desulfitobacterium dehalogenans	Bacteria	2	0.0021957005	0.0021957005	0.00219890339248465	
D003863	species	37692	Candidatus Phytoplasma mali	Bacteria	2	0.003034385	0.003034385	0.00278086005157577	
D003863	species	38986	Acholeplasma palmae	Bacteria	2	0.00741006	0.00741006	0.00896899898111266	
D003863	species	42448	Anaerobranca horikoshii	Bacteria	2	0.0005874245	0.0005874245	7.55423387545024e-05	
D003863	species	42471	Desulfotomaculum thermocisternum	Bacteria	2	0.0008518005	0.0008518005	0.000298341786011447	
D003863	species	43131	Tissierella praeacuta	Bacteria	2	0.0009455155	0.0009455155	0.000430874810009242	
D003863	species	43675	Rothia mucilaginosa	Bacteria	2	0.002318205	0.002318205	0.000257634355725318	
D003863	species	43997	Catonella morbi	Bacteria	2	0.003386225	0.003386225	0.00125277401316039	
D003863	species	44251	Paenibacillus durus	Bacteria	2	0.00106539	0.00106539	3.71938166904123e-06	
D003863	species	44256	Caldanaerobius polysaccharolyticus	Bacteria	2	0.0008518005	0.0008518005	0.000298341786011447	
D003863	species	44676	Geothrix fermentans	Bacteria	2	0.002142284	0.002142284	0.00227444573123915	
D003863	species	45496	Methylophaga sulfidovorans	Bacteria	2	0.0009455155	0.0009455155	0.000430874810009242	
D003863	species	45497	[Clostridium] ultunense	Bacteria	2	0.000892099	0.000892099	0.000506417148763744	
D003863	species	52004	Natroniella acetigena	Bacteria	2	0.00553213	0.00553213	0.00632064366926344	
D003863	species	53363	Brevibacterium mcbrellneri	Bacteria	2	0.000798384	0.000798384	0.000373884124765949	
D003863	species	54006	Peptoniphilus ivorii	Bacteria	2	0.000892099	0.000892099	0.000506417148763744	
D003863	species	55205	Caldicellulosiruptor owensensis	Bacteria	2	0.002142284	0.002142284	0.00227444573123915	
D003863	species	55507	Schwartzia succinivorans	Bacteria	2	0.00106539	0.00106539	3.71938166904123e-06	
D003863	species	58134	[Desulfotomaculum] guttoideum	Bacteria	2	0.0005874245	0.0005874245	7.55423387545024e-05	
D003863	species	58172	Paenibacillus sp.	Bacteria	2	0.001159105	0.001159105	0.000128813642328753	
D003863	species	58180	Desulfovibrio alaskensis	Bacteria	2	0.00329773	0.00329773	0.00285112525242228	
D003863	species	59748	Candidatus Phytoplasma australiense	Bacteria	2	0.00189103	0.00189103	0.000861751034232045	
D003863	species	61435	Dehalococcoides mccartyi	Bacteria	2	0.002051205	0.002051205	0.000635229376878935	
D003863	species	63658	Thiomicrospira kuenenii	Bacteria	2	0.003463165	0.003463165	0.000388760237228552	
D003863	species	64002	Nevskia ramosa	Bacteria	2	0.001517194	0.001517194	0.00139043497553535	
D003863	species	72022	Methylarcula marina	Bacteria	2	0.001517194	0.001517194	0.00139043497553535	
D003863	species	76122	Alloprevotella tannerae	Bacteria	2	0.002750605	0.002750605	0.00212190724218803	
D003863	species	81467	Aminobacterium mobile	Bacteria	2	0.000892099	0.000892099	0.000506417148763744	
D003863	species	82374	Anaerovibrio lipolyticus	Bacteria	2	0.0017842	0.0017842	0.00101283146910036	
D003863	species	84110	Slackia heliotrinireducens	Bacteria	2	0.001159105	0.001159105	0.000128813642328753	
D003863	species	85338	Rothia sp. CCUG 25688	Bacteria	2	0.000892099	0.000892099	0.000506417148763744	
D003863	species	86664	Bacillus flexus	Bacteria	2	0.00189103	0.00189103	0.000861751034232045	
D003863	species	89153	[Clostridium] hylemonae	Bacteria	2	0.008635195	0.008635195	0.0104439742291931	
D003863	species	97084	Halobacteriovorax marinus	Bacteria	2	0.001156475	0.001156475	0.000132533023997795	
D003863	species	101564	Pseudomonas alcaliphila	Bacteria	2	0.000892099	0.000892099	0.000506417148763744	
D003863	species	102684	Streptococcus infantarius	Bacteria	2	0.002142284	0.002142284	0.00227444573123915	
D003863	species	106588	Pseudoflavonifractor capillosus	Bacteria	2	0.00266215	0.00266215	0.000744046039435733	
D003863	species	111105	Porphyromonas gulae	Bacteria	2	0.00283654	0.00283654	0.00129261948028026	
D003863	species	134605	Fusobacterium equinum	Bacteria	2	0.002923894	0.002923894	0.00337980919372559	
D003863	species	140626	Lachnobacterium bovis	Bacteria	2	0.0024459305	0.0024459305	0.00255278205219727	
D003863	species	147047	Desulfovibrio mexicanus	Bacteria	2	0.0008518005	0.0008518005	0.000298341786011447	
D003863	species	151781	Lactobacillus intestinalis	Bacteria	2	0.001228264	0.001228264	0.000981826250958895	
D003863	species	155617	Enterococcus moraviensis	Bacteria	2	0.0008518005	0.0008518005	0.000298341786011447	
D003863	species	156892	Actinomyces marimammalium	Bacteria	2	0.0009455155	0.0009455155	0.000430874810009242	
D003863	species	157673	[Mannheimia] succiniciproducens	Bacteria	2	0.001332395	0.001332395	0.000381321473890469	
D003863	species	159291	Spirochaeta americana	Bacteria	2	0.001156475	0.001156475	0.000132533023997795	
D003863	species	162209	Paenibacillus naphthalenovorans	Bacteria	2	0.001156475	0.001156475	0.000132533023997795	
D003863	species	165096	Weissella koreensis	Bacteria	2	0.0059462705	0.0059462705	0.00750301035311431	
D003863	species	166485	Caminicella sporogenes	Bacteria	2	0.001159105	0.001159105	0.000128813642328753	
D003863	species	166501	Thermobaculum terrenum	Bacteria	2	0.001517194	0.001517194	0.00139043497553535	
D003863	species	174709	Allobaculum stercoricanis	Bacteria	2	0.001156475	0.001156475	0.000132533023997795	
D003863	species	179995	Anaerobiospirillum thomasii	Bacteria	2	3.786185	3.786185	2.03743626610748	
D003863	species	180332	Robinsoniella peoriensis	Bacteria	2	0.00373543	0.00373543	0.0037797261617477	
D003863	species	185008	Butyrivibrio hungatei	Bacteria	2	0.001596765	0.001596765	0.000747758350036962	
D003863	species	187145	Caldithrix abyssi	Bacteria	2	0.000798384	0.000798384	0.000373884124765949	
D003863	species	198252	Candidatus Pelagibacter ubique	Bacteria	2	0.001159105	0.001159105	0.000128813642328753	
D003863	species	202604	Moorella mulderi	Bacteria	2	0.0008544305	0.0008544305	0.000302061167680488	
D003863	species	225194	Geobacter bemidjiensis	Bacteria	2	0.001156475	0.001156475	0.000132533023997795	
D003863	species	235931	Alkalibacter saccharofermentans	Bacteria	2	0.000892099	0.000892099	0.000506417148763744	
D003863	species	249402	Cardinium endosymbiont of Encarsia pergandiella	Bacteria	2	0.001156475	0.001156475	0.000132533023997795	
D003863	species	255723	Slackia faecicanis	Bacteria	2	0.00622002	0.00622002	0.00172430817019464	
D003863	species	270498	Catabacter hongkongensis	Bacteria	2	0.002312945	0.002312945	0.000265073119063401	
D003863	species	282125	Sutterella sanguinus	Bacteria	2	0.01731615	0.01731615	0.00857642743833352	
D003863	species	283734	Staphylococcus pseudintermedius	Bacteria	2	0.000798384	0.000798384	0.000373884124765949	
D003863	species	286730	Alkaliflexus imshenetskii	Bacteria	2	0.001156475	0.001156475	0.000132533023997795	
D003863	species	290055	[Eubacterium] fissicatena	Bacteria	2	0.001517194	0.001517194	0.00139043497553535	
D003863	species	293256	Desulfovibrio alkalitolerans	Bacteria	2	0.00168785	0.00168785	0.000618944707708209	
D003863	species	314319	Prolixibacter bellariivorans	Bacteria	2	0.0008518005	0.0008518005	0.000298341786011447	
D003863	species	316277	Syntrophus aciditrophicus	Bacteria	2	0.001159105	0.001159105	0.000128813642328753	
D003863	species	322505	Sharpea azabuensis	Bacteria	2	0.000892099	0.000892099	0.000506417148763744	
D003863	species	332410	Exiguobacterium sibiricum	Bacteria	2	0.001228264	0.001228264	0.000981826250958895	
D003863	species	334715	Salinivibrio proteolyticus	Bacteria	2	0.0005874245	0.0005874245	7.55423387545024e-05	
D003863	species	341220	Lactonifactor longoviformis	Bacteria	2	0.0008544305	0.0008544305	0.000302061167680488	
D003863	species	349096	Pectinatus haikarae	Bacteria	2	0.442905004	0.442905004	0.625607062143694	
D003863	species	351604	Geobacter uraniireducens	Bacteria	2	0.00240666	0.00240666	0.0019005616064732	
D003863	species	358743	[Clostridium] citroniae	Bacteria	2	0.0013831755	0.0013831755	0.00104981951771745	
D003863	species	365349	Pelosinus fermentans	Bacteria	2	0.000892099	0.000892099	0.000506417148763744	
D003863	species	367742	Ureibacillus composti	Bacteria	2	0.014614204	0.014614204	0.0199124041440714	
D003863	species	367806	Blattabacterium sp. (Blatta orientalis)	Bacteria	2	0.0017842	0.0017842	0.00101283146910036	
D003863	species	392333	Geoalkalibacter ferrihydriticus	Bacteria	2	0.001517194	0.001517194	0.00139043497553535	
D003863	species	392409	Sphingomonas jaspsi	Bacteria	2	0.0008544305	0.0008544305	0.000302061167680488	
D003863	species	398037	Segetibacter koreensis	Bacteria	2	0.001156475	0.001156475	0.000132533023997795	
D003863	species	417948	Brevibacterium album	Bacteria	2	0.002142284	0.002142284	0.00227444573123915	
D003863	species	449659	Lactobacillus pobuzihii	Bacteria	2	0.000892099	0.000892099	0.000506417148763744	
D003863	species	450804	Oceaniserpentilla haliotis	Bacteria	2	0.001156475	0.001156475	0.000132533023997795	
D003863	species	454600	Gracilimonas tropica	Bacteria	2	0.000798384	0.000798384	0.000373884124765949	
D003863	species	456827	Candidatus Cloacimonas acidaminovorans	Bacteria	2	0.0065713705	0.0065713705	0.00838703525095373	
D003863	species	511746	Methylacidiphilum infernorum	Bacteria	2	0.001265935	0.001265935	2.22667925395645e-05	
D003863	species	529703	Adhaeribacter terreus	Bacteria	2	0.0013884355	0.0013884355	0.00105725828105553	
D003863	species	547188	Phycisphaera mikurensis	Bacteria	2	0.002051205	0.002051205	0.000635229376878935	
D003863	species	553611	Photobacterium leiognathi	Bacteria	2	0.002142284	0.002142284	0.00227444573123915	
D003863	species	570161	Marinifilum fragile	Bacteria	2	0.005352665	0.005352665	0.00303838834128391	
D003863	species	572036	Pedobacter luteus	Bacteria	2	0.001265935	0.001265935	2.22667925395645e-05	
D003863	species	592978	Ruminococcus faecis	Bacteria	2	0.0029904605	0.0029904605	0.00332286376331629	
D003863	species	637886	Dysgonomonas hofstadii	Bacteria	2	0.0015706105	0.0015706105	0.00131489263678085	
D003863	species	667303	Salinirepens amamiensis	Bacteria	2	0.000798384	0.000798384	0.000373884124765949	
D003863	species	671224	Selenomonas artemidis	Bacteria	2	0.001329759	0.001329759	0.00112536185647195	
D003863	species	694315	Kofleria flava	Bacteria	2	0.000892099	0.000892099	0.000506417148763744	
D003863	species	743722	Sphingobacterium sp. 21	Bacteria	2	0.0009455155	0.0009455155	0.000430874810009242	
D003863	species	797292	Sphingobacterium alimentarium	Bacteria	2	0.002227195	0.002227195	0.00138169372150633	
D003863	species	927083	Sandaracinus amylolyticus	Bacteria	2	0.00178157	0.00178157	0.0010165508507694	
D003863	species	1078480	Haemophilus sputorum	Bacteria	2	0.005267754	0.005267754	0.00669452779402939	
D003863	species	1113650	Sphingobacterium sp. NBRC 15340	Bacteria	2	0.00253187	0.00253187	4.45335850791289e-05	
D003863	species	1168034	Draconibacterium orientale	Bacteria	2	0.00168785	0.00168785	0.000618944707708209	
D003863	species	1350067	Microbacter margulisiae	Bacteria	2	0.0021957005	0.0021957005	0.00219890339248465	
D003863	species	1391653	Vulgatibacter incomptus	Bacteria	2	0.0008518005	0.0008518005	0.000298341786011447	
D003863	species	1671366	Ruminococcus sp. DSM 100440	Bacteria	2	0.0021957005	0.0021957005	0.00219890339248465	
D003863	species	1755604	Bacteroides sp. MC_13	Bacteria	2	0.01596351	0.01596351	0.019856958487145	
D003863	species	1827099	Peptoniphilus sp. JCM 8141	Bacteria	2	0.001517194	0.001517194	0.00139043497553535	
D003863	species	24	Shewanella putrefaciens	Bacteria	1	0.000534008	0.000534008		
D003863	species	103	Flectobacillus major	Bacteria	1	0.00250038	0.00250038		
D003863	species	114	Gemmata obscuriglobus	Bacteria	1	0.00625094	0.00625094		
D003863	species	119	Rubinisphaera brasiliensis	Bacteria	1	0.00250038	0.00250038		
D003863	species	147	Spirochaeta aurantia	Bacteria	1	0.00250038	0.00250038		
D003863	species	148	Spirochaeta bajacaliforniensis	Bacteria	1	0.00125019	0.00125019		
D003863	species	152	Treponema stenostreptum	Bacteria	1	0.00250038	0.00250038		
D003863	species	154	Spirochaeta thermophila	Bacteria	1	0.00250038	0.00250038		
D003863	species	163	Treponema bryantii	Bacteria	1	0.00125019	0.00125019		
D003863	species	180	Leptospirillum ferrooxidans	Bacteria	1	0.00106276	0.00106276		
D003863	species	199	Campylobacter concisus	Bacteria	1	0.000534008	0.000534008		
D003863	species	213	Helicobacter cinaedi	Bacteria	1	0.00213603	0.00213603		
D003863	species	245	Flavobacterium aquatile	Bacteria	1	0.00125019	0.00125019		
D003863	species	303	Pseudomonas putida	Bacteria	1	0.00106802	0.00106802		
D003863	species	350	Zoogloea ramigera	Bacteria	1	0.00212551	0.00212551		
D003863	species	435	Acetobacter aceti	Bacteria	1	0.000534008	0.000534008		
D003863	species	470	Acinetobacter baumannii	Bacteria	1	0.00250038	0.00250038		
D003863	species	476	Moraxella bovis	Bacteria	1	0.000640841	0.000640841		
D003863	species	480	Moraxella catarrhalis	Bacteria	1	0.000640841	0.000640841		
D003863	species	483	Neisseria cinerea	Bacteria	1	0.00106276	0.00106276		
D003863	species	486	Neisseria lactamica	Bacteria	1	0.00212551	0.00212551		
D003863	species	488	Neisseria mucosa	Bacteria	1	0.00500075	0.00500075		
D003863	species	493	Neisseria canis	Bacteria	1	0.00125019	0.00125019		
D003863	species	495	Neisseria elongata	Bacteria	1	0.000534008	0.000534008		
D003863	species	524	Acidiphilium cryptum	Bacteria	1	0.00375056	0.00375056		
D003863	species	562	Escherichia coli	Bacteria	1	0.00704925	0.00704925		
D003863	species	573	Klebsiella pneumoniae	Bacteria	1	0.00375056	0.00375056		
D003863	species	644	Aeromonas hydrophila	Bacteria	1	0.000534008	0.000534008		
D003863	species	654	Aeromonas veronii	Bacteria	1	0.00125019	0.00125019		
D003863	species	669	Vibrio harveyi	Bacteria	1	0.00106802	0.00106802		
D003863	species	674	Vibrio mimicus	Bacteria	1	0.00125019	0.00125019		
D003863	species	703	Plesiomonas shigelloides	Bacteria	1	0.000534008	0.000534008		
D003863	species	735	Haemophilus parahaemolyticus	Bacteria	1	0.00250038	0.00250038		
D003863	species	785	Rickettsia typhi	Bacteria	1	0.000640841	0.000640841		
D003863	species	863	Syntrophomonas wolfei	Bacteria	1	0.00125019	0.00125019		
D003863	species	879	Desulfovibrio gigas	Bacteria	1	0.000534008	0.000534008		
D003863	species	888	Desulfobotulus sapovorans	Bacteria	1	0.00125019	0.00125019		
D003863	species	891	Desulfuromonas acetoxidans	Bacteria	1	0.000640841	0.000640841		
D003863	species	894	Desulfobulbus propionicus	Bacteria	1	0.000640841	0.000640841		
D003863	species	964	Herbaspirillum seropedicae	Bacteria	1	0.00106276	0.00106276		
D003863	species	998	Flexibacter flexilis	Bacteria	1	0.00125019	0.00125019		
D003863	species	1010	Sphingobacterium mizutaii	Bacteria	1	0.00125019	0.00125019		
D003863	species	1022	Beggiatoa alba	Bacteria	1	0.000534008	0.000534008		
D003863	species	1026	Marinoscillum furvescens	Bacteria	1	0.000534008	0.000534008		
D003863	species	1027	Microscilla marina	Bacteria	1	0.00106276	0.00106276		
D003863	species	1028	Marivirga sericea	Bacteria	1	0.000640841	0.000640841		
D003863	species	1031	Thiothrix nivea	Bacteria	1	0.00106276	0.00106276		
D003863	species	1238	Piscirickettsia salmonis	Bacteria	1	0.000534008	0.000534008		
D003863	species	1246	Leuconostoc lactis	Bacteria	1	0.00125019	0.00125019		
D003863	species	1247	Oenococcus oeni	Bacteria	1	0.00250038	0.00250038		
D003863	species	1249	Weissella paramesenteroides	Bacteria	1	0.00125019	0.00125019		
D003863	species	1254	Pediococcus acidilactici	Bacteria	1	0.000534008	0.000534008		
D003863	species	1296	Staphylococcus sciuri	Bacteria	1	0.00106276	0.00106276		
D003863	species	1305	Streptococcus sanguinis	Bacteria	1	0.000534008	0.000534008		
D003863	species	1313	Streptococcus pneumoniae	Bacteria	1	0.000534008	0.000534008		
D003863	species	1323	Faecalicoccus pleomorphus	Bacteria	1	0.000640841	0.000640841		
D003863	species	1328	Streptococcus anginosus	Bacteria	1	0.00250038	0.00250038		
D003863	species	1336	Streptococcus equi	Bacteria	1	0.00125019	0.00125019		
D003863	species	1337	Streptococcus hyointestinalis	Bacteria	1	0.00106276	0.00106276		
D003863	species	1339	Streptococcus macacae	Bacteria	1	0.00250038	0.00250038		
D003863	species	1343	Streptococcus vestibularis	Bacteria	1	0.00125019	0.00125019		
D003863	species	1358	Lactococcus lactis	Bacteria	1	0.00160203	0.00160203		
D003863	species	1365	Lactococcus plantarum	Bacteria	1	0.00250038	0.00250038		
D003863	species	1374	Planococcus kocurii	Bacteria	1	0.00125019	0.00125019		
D003863	species	1401	Paenibacillus lautus	Bacteria	1	0.00106276	0.00106276		
D003863	species	1402	Bacillus licheniformis	Bacteria	1	0.00750113	0.00750113		
D003863	species	1404	Bacillus megaterium	Bacteria	1	0.00250038	0.00250038		
D003863	species	1418	Bacillus mannanilyticus	Bacteria	1	0.000640841	0.000640841		
D003863	species	1428	Bacillus thuringiensis	Bacteria	1	0.00250038	0.00250038		
D003863	species	1455	Bacillus badius	Bacteria	1	0.00106276	0.00106276		
D003863	species	1464	Paenibacillus larvae	Bacteria	1	0.00250038	0.00250038		
D003863	species	1476	Sporosarcina psychrophila	Bacteria	1	0.00125019	0.00125019		
D003863	species	1478	Bacillus simplex	Bacteria	1	0.00125019	0.00125019		
D003863	species	1479	Bacillus smithii	Bacteria	1	0.00375056	0.00375056		
D003863	species	1484	Hydrogenibacillus schlegelii	Bacteria	1	0.000534008	0.000534008		
D003863	species	1488	Clostridium acetobutylicum	Bacteria	1	0.00125019	0.00125019		
D003863	species	1492	Clostridium butyricum	Bacteria	1	0.000534008	0.000534008		
D003863	species	1494	Clostridium cochlearium	Bacteria	1	0.00106276	0.00106276		
D003863	species	1495	Clostridium cylindrosporum	Bacteria	1	0.000640841	0.000640841		
D003863	species	1496	Clostridioides difficile	Bacteria	1	0.00125019	0.00125019		
D003863	species	1513	Clostridium tetani	Bacteria	1	0.00106802	0.00106802		
D003863	species	1519	Clostridium tyrobutyricum	Bacteria	1	0.00125019	0.00125019		
D003863	species	1521	[Clostridium] cellulolyticum	Bacteria	1	0.000640841	0.000640841		
D003863	species	1523	Clostridium longisporum	Bacteria	1	0.000534008	0.000534008		
D003863	species	1527	Anaerocolumna aminovalerica	Bacteria	1	0.000640841	0.000640841		
D003863	species	1528	Eubacterium barkeri	Bacteria	1	0.000534008	0.000534008		
D003863	species	1531	[Clostridium] clostridioforme	Bacteria	1	0.00106276	0.00106276		
D003863	species	1534	Clostridium kluyveri	Bacteria	1	0.000534008	0.000534008		
D003863	species	1539	Clostridium malenominatum	Bacteria	1	0.00106802	0.00106802		
D003863	species	1542	Clostridium novyi	Bacteria	1	0.000640841	0.000640841		
D003863	species	1543	Clostridium oceanicum	Bacteria	1	0.00106276	0.00106276		
D003863	species	1556	Gottschalkia acidurici	Bacteria	1	0.00106276	0.00106276		
D003863	species	1579	Lactobacillus acidophilus	Bacteria	1	0.00125019	0.00125019		
D003863	species	1581	Lactobacillus buchneri	Bacteria	1	0.00106802	0.00106802		
D003863	species	1582	Lactobacillus casei	Bacteria	1	0.00125019	0.00125019		
D003863	species	1584	Lactobacillus delbrueckii	Bacteria	1	0.00375056	0.00375056		
D003863	species	1590	Lactobacillus plantarum	Bacteria	1	0.00375056	0.00375056		
D003863	species	1596	Lactobacillus gasseri	Bacteria	1	0.0187528	0.0187528		
D003863	species	1597	Lactobacillus paracasei	Bacteria	1	0.000534008	0.000534008		
D003863	species	1598	Lactobacillus reuteri	Bacteria	1	0.00125019	0.00125019		
D003863	species	1601	Lactobacillus agilis	Bacteria	1	0.00125019	0.00125019		
D003863	species	1605	Lactobacillus animalis	Bacteria	1	0.00106276	0.00106276		
D003863	species	1610	Lactobacillus coryniformis	Bacteria	1	0.00125019	0.00125019		
D003863	species	1613	Lactobacillus fermentum	Bacteria	1	0.00125019	0.00125019		
D003863	species	1614	Lactobacillus fructivorans	Bacteria	1	0.00125019	0.00125019		
D003863	species	1616	Weissella kandleri	Bacteria	1	0.00106276	0.00106276		
D003863	species	1622	Lactobacillus murinus	Bacteria	1	0.00750113	0.00750113		
D003863	species	1623	Lactobacillus ruminis	Bacteria	1	0.00125019	0.00125019		
D003863	species	1624	Lactobacillus salivarius	Bacteria	1	0.00125019	0.00125019		
D003863	species	1631	Fructobacillus fructosus	Bacteria	1	0.00125019	0.00125019		
D003863	species	1648	Erysipelothrix rhusiopathiae	Bacteria	1	0.0032042	0.0032042		
D003863	species	1655	Actinomyces naeslundii	Bacteria	1	0.00250038	0.00250038		
D003863	species	1659	Actinomyces israelii	Bacteria	1	0.00250038	0.00250038		
D003863	species	1660	Actinomyces odontolyticus	Bacteria	1	0.00125019	0.00125019		
D003863	species	1670	Arthrobacter citreus	Bacteria	1	0.000640841	0.000640841		
D003863	species	1681	Bifidobacterium bifidum	Bacteria	1	0.00625094	0.00625094		
D003863	species	1684	Bifidobacterium asteroides	Bacteria	1	0.00875131	0.00875131		
D003863	species	1685	Bifidobacterium breve	Bacteria	1	0.00500075	0.00500075		
D003863	species	1686	Bifidobacterium catenulatum	Bacteria	1	0.00125019	0.00125019		
D003863	species	1689	Bifidobacterium dentium	Bacteria	1	0.0350052	0.0350052		
D003863	species	1692	Bifidobacterium magnum	Bacteria	1	0.00125019	0.00125019		
D003863	species	1694	Bifidobacterium pseudolongum	Bacteria	1	0.0250037	0.0250037		
D003863	species	1717	Corynebacterium diphtheriae	Bacteria	1	0.00125019	0.00125019		
D003863	species	1732	Eubacterium oxidoreducens	Bacteria	1	0.000534008	0.000534008		
D003863	species	1810	Mycobacterium vaccae	Bacteria	1	0.00125019	0.00125019		
D003863	species	1824	Nocardia asteroides	Bacteria	1	0.00500075	0.00500075		
D003863	species	1828	Rhodococcus fascians	Bacteria	1	0.00125019	0.00125019		
D003863	species	1859	Frankia alni	Bacteria	1	0.00106802	0.00106802		
D003863	species	1908	Streptomyces globisporus	Bacteria	1	0.000534008	0.000534008		
D003863	species	2047	Rothia dentocariosa	Bacteria	1	0.000534008	0.000534008		
D003863	species	2115	Mycoplasma fermentans	Bacteria	1	0.0137521	0.0137521		
D003863	species	2173	Methanobrevibacter smithii	Archaea	1	0.00531378	0.00531378		
D003863	species	2190	Methanocaldococcus jannaschii	Archaea	1	0.000640841	0.000640841		
D003863	species	2350	Haliscomenobacter hydrossis	Bacteria	1	0.00128168	0.00128168		
D003863	species	2376	Sporomusa paucivorans	Bacteria	1	0.000534008	0.000534008		
D003863	species	2378	Sporomusa ovata	Bacteria	1	0.0112517	0.0112517		
D003863	species	2426	Teredinibacter turnerae	Bacteria	1	0.000640841	0.000640841		
D003863	species	2699	Heliobacterium gestii	Bacteria	1	0.00125019	0.00125019		
D003863	species	2702	Gardnerella vaginalis	Bacteria	1	0.00125019	0.00125019		
D003863	species	2734	Symbiobacterium thermophilum	Bacteria	1	0.000640841	0.000640841		
D003863	species	2756	Brochothrix thermosphacta	Bacteria	1	0.000534008	0.000534008		
D003863	species	28025	Bifidobacterium animalis	Bacteria	1	0.0212532	0.0212532		
D003863	species	28026	Bifidobacterium pseudocatenulatum	Bacteria	1	0.106266	0.106266		
D003863	species	28038	Lactobacillus curvatus	Bacteria	1	0.00375056	0.00375056		
D003863	species	28064	Heliobacillus mobilis	Bacteria	1	0.00125019	0.00125019		
D003863	species	28108	Alteromonas macleodii	Bacteria	1	0.00250038	0.00250038		
D003863	species	28123	Porphyromonas asaccharolytica	Bacteria	1	0.000640841	0.000640841		
D003863	species	28133	Prevotella nigrescens	Bacteria	1	0.00160203	0.00160203		
D003863	species	28161	Bisgaard Taxon 7	Bacteria	1	0.00125019	0.00125019		
D003863	species	28227	Mycoplasma penetrans	Bacteria	1	0.00250038	0.00250038		
D003863	species	28262	Thermodesulfovibrio yellowstonii	Bacteria	1	0.00160203	0.00160203		
D003863	species	28898	Campylobacter helveticus	Bacteria	1	0.00500075	0.00500075		
D003863	species	28901	Salmonella enterica	Bacteria	1	0.00125019	0.00125019		
D003863	species	29322	[Eubacterium] cellulosolvens	Bacteria	1	0.000534008	0.000534008		
D003863	species	29364	[Clostridium] polysaccharolyticum	Bacteria	1	0.000534008	0.000534008		
D003863	species	29374	Filifactor villosus	Bacteria	1	0.00106276	0.00106276		
D003863	species	29376	Desulfotomaculum thermobenzoicum	Bacteria	1	0.00106276	0.00106276		
D003863	species	29389	Streptococcus alactolyticus	Bacteria	1	0.00250038	0.00250038		
D003863	species	29409	Rhodoplanes roseus	Bacteria	1	0.00125019	0.00125019		
D003863	species	29461	Brucella suis	Bacteria	1	0.000534008	0.000534008		
D003863	species	29501	Mycoplasma haemofelis	Bacteria	1	0.00875131	0.00875131		
D003863	species	29530	Cytophaga aurantiaca	Bacteria	1	0.000640841	0.000640841		
D003863	species	31943	Brevibacterium iodinum	Bacteria	1	0.00125019	0.00125019		
D003863	species	31973	Eggerthia catenaformis	Bacteria	1	0.000534008	0.000534008		
D003863	species	31998	Methylobacterium radiotolerans	Bacteria	1	0.00106276	0.00106276		
D003863	species	32016	Desulfovibrio oxamicus	Bacteria	1	0.000640841	0.000640841		
D003863	species	33008	Rhodococcus globerulus	Bacteria	1	0.00125019	0.00125019		
D003863	species	33012	Propionimicrobium lymphophilum	Bacteria	1	0.00125019	0.00125019		
D003863	species	33031	Peptoniphilus lacrimalis	Bacteria	1	0.000534008	0.000534008		
D003863	species	33034	Anaerococcus prevotii	Bacteria	1	0.000534008	0.000534008		
D003863	species	33058	Thauera selenatis	Bacteria	1	0.000534008	0.000534008		
D003863	species	33072	Gloeobacter violaceus	Bacteria	1	0.00125019	0.00125019		
D003863	species	33885	Microbacterium lacticum	Bacteria	1	0.000534008	0.000534008		
D003863	species	33905	Bifidobacterium thermophilum	Bacteria	1	0.00250038	0.00250038		
D003863	species	33959	Lactobacillus johnsonii	Bacteria	1	0.00250038	0.00250038		
D003863	species	33961	Lactobacillus homohiochii	Bacteria	1	0.00125019	0.00125019		
D003863	species	33987	Exiguobacterium aurantiacum	Bacteria	1	0.00625094	0.00625094		
D003863	species	33990	Rickettsia bellii	Bacteria	1	0.000640841	0.000640841		
D003863	species	34011	Niveispirillum irakense	Bacteria	1	0.00106276	0.00106276		
D003863	species	34017	Rhodobium orientis	Bacteria	1	0.00375056	0.00375056		
D003863	species	34097	Brevinema andersonii	Bacteria	1	0.00375056	0.00375056		
D003863	species	35518	[Eubacterium] nodatum	Bacteria	1	0.00106276	0.00106276		
D003863	species	35621	Streptomyces mobaraensis	Bacteria	1	0.00106276	0.00106276		
D003863	species	35700	Heliophilum fasciatum	Bacteria	1	0.00106276	0.00106276		
D003863	species	35760	Bifidobacterium choerinum	Bacteria	1	0.00500075	0.00500075		
D003863	species	36740	Dermabacter hominis	Bacteria	1	0.00250038	0.00250038		
D003863	species	36745	Clostridium saccharoperbutylacetonicum	Bacteria	1	0.00125019	0.00125019		
D003863	species	36834	Clostridium celatum	Bacteria	1	0.00106276	0.00106276		
D003863	species	36850	Clostridium quinii	Bacteria	1	0.000534008	0.000534008		
D003863	species	37658	[Clostridium] populeti	Bacteria	1	0.00250038	0.00250038		
D003863	species	37734	Enterococcus casseliflavus	Bacteria	1	0.00128168	0.00128168		
D003863	species	39498	[Eubacterium] yurii	Bacteria	1	0.00106802	0.00106802		
D003863	species	39766	Sulfurimonas denitrificans	Bacteria	1	0.00106802	0.00106802		
D003863	species	39768	Blattabacterium sp. (Mastotermes darwiniensis)	Bacteria	1	0.000640841	0.000640841		
D003863	species	39962	Legionella moravica	Bacteria	1	0.000640841	0.000640841		
D003863	species	40324	Stenotrophomonas maltophilia	Bacteria	1	0.00160203	0.00160203		
D003863	species	40542	Leptotrichia buccalis	Bacteria	1	0.00125019	0.00125019		
D003863	species	40681	Sphingomonas asaccharolytica	Bacteria	1	0.00250038	0.00250038		
D003863	species	40683	Sphingomonas pruni	Bacteria	1	0.000640841	0.000640841		
D003863	species	41170	Exiguobacterium acetylicum	Bacteria	1	0.00128168	0.00128168		
D003863	species	41276	Brevundimonas vesicularis	Bacteria	1	0.000640841	0.000640841		
D003863	species	41986	Agromyces mediolanus	Bacteria	1	0.00125019	0.00125019		
D003863	species	42565	Halomonas salina	Bacteria	1	0.00106276	0.00106276		
D003863	species	43595	Halanaerobium saccharolyticum	Bacteria	1	0.00212551	0.00212551		
D003863	species	43767	Rhodococcus equi	Bacteria	1	0.00125019	0.00125019		
D003863	species	43770	Corynebacterium striatum	Bacteria	1	0.000534008	0.000534008		
D003863	species	43995	Johnsonella ignava	Bacteria	1	0.00106276	0.00106276		
D003863	species	44033	Streptomyces thermolineatus	Bacteria	1	0.000640841	0.000640841		
D003863	species	44250	Paenibacillus alvei	Bacteria	1	0.00106276	0.00106276		
D003863	species	45076	Legionella worsleiensis	Bacteria	1	0.00106276	0.00106276		
D003863	species	45243	Capnocytophaga haemolytica	Bacteria	1	0.00128168	0.00128168		
D003863	species	45462	Brevibacillus borstelensis	Bacteria	1	0.000534008	0.000534008		
D003863	species	45663	Desulfohalobium retbaense	Bacteria	1	0.00106276	0.00106276		
D003863	species	45851	Butyrivibrio crossotus	Bacteria	1	0.00106276	0.00106276		
D003863	species	46125	Abiotrophia defectiva	Bacteria	1	0.00125019	0.00125019		
D003863	species	46867	Clostridium chauvoei	Bacteria	1	0.000534008	0.000534008		
D003863	species	47055	Dethiosulfovibrio peptidovorans	Bacteria	1	0.00125019	0.00125019		
D003863	species	47493	Lactobacillus panis	Bacteria	1	0.00125019	0.00125019		
D003863	species	47770	Lactobacillus crispatus	Bacteria	1	0.00750113	0.00750113		
D003863	species	48074	Microbulbifer hydrolyticus	Bacteria	1	0.000534008	0.000534008		
D003863	species	48466	Prosthecobacter vanneervenii	Bacteria	1	0.0100015	0.0100015		
D003863	species	49338	Desulfitobacterium hafniense	Bacteria	1	0.00125019	0.00125019		
D003863	species	51123	[Eubacterium] saphenum	Bacteria	1	0.000534008	0.000534008		
D003863	species	51161	Actinobacillus delphinicola	Bacteria	1	0.00106276	0.00106276		
D003863	species	51197	Syntrophobotulus glycolicus	Bacteria	1	0.00125019	0.00125019		
D003863	species	51229	Wigglesworthia glossinidia	Bacteria	1	0.00125019	0.00125019		
D003863	species	51664	Lactobacillus dextrinicus	Bacteria	1	0.00125019	0.00125019		
D003863	species	52229	Hallella seregens	Bacteria	1	0.00125019	0.00125019		
D003863	species	52242	Lactobacillus gallinarum	Bacteria	1	0.00250038	0.00250038		
D003863	species	52603	Sagittula stellata	Bacteria	1	0.00106276	0.00106276		
D003863	species	52786	Anaerofilum agile	Bacteria	1	0.00125019	0.00125019		
D003863	species	53343	Desulfotomaculum aeronauticum	Bacteria	1	0.00106276	0.00106276		
D003863	species	54565	Desulfovibrio simplex	Bacteria	1	0.00256336	0.00256336		
D003863	species	55148	Deinococcus proteolyticus	Bacteria	1	0.00125019	0.00125019		
D003863	species	56877	Helicobacter bizzozeronii	Bacteria	1	0.00125019	0.00125019		
D003863	species	57372	Mycoplasma suis	Bacteria	1	0.00125019	0.00125019		
D003863	species	58135	Desulfotomaculum kuznetsovii	Bacteria	1	0.00160203	0.00160203		
D003863	species	58137	Desulfotomaculum thermosapovorans	Bacteria	1	0.00160203	0.00160203		
D003863	species	59310	Streptococcus macedonicus	Bacteria	1	0.00375056	0.00375056		
D003863	species	59505	Actinotignum schaalii	Bacteria	1	0.00125019	0.00125019		
D003863	species	59600	Cellulophaga algicola	Bacteria	1	0.00250038	0.00250038		
D003863	species	59841	Paenibacillus kobensis	Bacteria	1	0.00125019	0.00125019		
D003863	species	59843	Paenibacillus glucanolyticus	Bacteria	1	0.00106276	0.00106276		
D003863	species	59930	Cyanobium gracile	Bacteria	1	0.00125019	0.00125019		
D003863	species	60133	Prevotella pallens	Bacteria	1	0.00125019	0.00125019		
D003863	species	60217	Shewanella violacea	Bacteria	1	0.00125019	0.00125019		
D003863	species	60478	Shewanella amazonensis	Bacteria	1	0.00125019	0.00125019		
D003863	species	61624	Paenibacillus mucilaginosus	Bacteria	1	0.000534008	0.000534008		
D003863	species	61635	Acholeplasma brassicae	Bacteria	1	0.00750113	0.00750113		
D003863	species	62322	Shewanella baltica	Bacteria	1	0.000534008	0.000534008		
D003863	species	64642	Tetragenococcus muriaticus	Bacteria	1	0.000534008	0.000534008		
D003863	species	66084	Wolbachia sp. wRi	Bacteria	1	0.000534008	0.000534008		
D003863	species	66849	Desulfonatronum lacustre	Bacteria	1	0.000534008	0.000534008		
D003863	species	66883	Streptomyces cyaneofuscatus	Bacteria	1	0.000534008	0.000534008		
D003863	species	67314	Streptomyces lavendofoliae	Bacteria	1	0.00125019	0.00125019		
D003863	species	68274	Streptomyces tauricus	Bacteria	1	0.000534008	0.000534008		
D003863	species	68909	Deinococcus geothermalis	Bacteria	1	0.00375056	0.00375056		
D003863	species	69208	Clostridium polyendosporum	Bacteria	1	0.00128168	0.00128168		
D003863	species	69824	[Clostridium] cocleatum	Bacteria	1	0.000640841	0.000640841		
D003863	species	70993	Flexithrix dorotheae	Bacteria	1	0.000640841	0.000640841		
D003863	species	70995	Lewinella cohaerens	Bacteria	1	0.00106276	0.00106276		
D003863	species	75658	Campylobacter lanienae	Bacteria	1	0.00125019	0.00125019		
D003863	species	75985	Mannheimia haemolytica	Bacteria	1	0.00125019	0.00125019		
D003863	species	76007	Desulfovibrio senezii	Bacteria	1	0.000640841	0.000640841		
D003863	species	76517	Campylobacter hominis	Bacteria	1	0.00192252	0.00192252		
D003863	species	76980	Ahrensia kielensis	Bacteria	1	0.00125019	0.00125019		
D003863	species	78257	Bifidobacterium saeculare	Bacteria	1	0.00500075	0.00500075		
D003863	species	78259	Scardovia inopinata	Bacteria	1	0.000640841	0.000640841		
D003863	species	78342	Bifidobacterium gallicum	Bacteria	1	0.00125019	0.00125019		
D003863	species	78343	Bifidobacterium boum	Bacteria	1	0.0112517	0.0112517		
D003863	species	78344	Bifidobacterium gallinarum	Bacteria	1	0.00125019	0.00125019		
D003863	species	78346	Bifidobacterium ruminantium	Bacteria	1	0.00375056	0.00375056		
D003863	species	78448	Bifidobacterium pullorum	Bacteria	1	0.00250038	0.00250038		
D003863	species	79329	Chitinophaga pinensis	Bacteria	1	0.00125019	0.00125019		
D003863	species	79681	Tissierella creatinophila	Bacteria	1	0.000534008	0.000534008		
D003863	species	79885	Bacillus pseudofirmus	Bacteria	1	0.000534008	0.000534008		
D003863	species	81032	Hyphomonas neptunium	Bacteria	1	0.00106276	0.00106276		
D003863	species	81425	Desulfovibrio aminophilus	Bacteria	1	0.00106276	0.00106276		
D003863	species	81857	Lactobacillus selangorensis	Bacteria	1	0.00106276	0.00106276		
D003863	species	82135	Atopobium vaginae	Bacteria	1	0.00212551	0.00212551		
D003863	species	82348	Streptococcus pluranimalium	Bacteria	1	0.00125019	0.00125019		
D003863	species	82688	Lactobacillus nagelii	Bacteria	1	0.000534008	0.000534008		
D003863	species	84022	Clostridium aceticum	Bacteria	1	0.00125019	0.00125019		
D003863	species	84023	Clostridium autoethanogenum	Bacteria	1	0.000640841	0.000640841		
D003863	species	86166	Thermodesulfovibrio aggregans	Bacteria	1	0.00106276	0.00106276		
D003863	species	86332	Mogibacterium pumilum	Bacteria	1	0.00106276	0.00106276		
D003863	species	86665	Bacillus halodurans	Bacteria	1	0.000534008	0.000534008		
D003863	species	86668	Bacillus niacini	Bacteria	1	0.00125019	0.00125019		
D003863	species	86958	Propionispira paucivorans	Bacteria	1	0.00106276	0.00106276		
D003863	species	88058	Treponema primitia	Bacteria	1	0.00375056	0.00375056		
D003863	species	88364	Psychromonas marina	Bacteria	1	0.00212551	0.00212551		
D003863	species	88688	Caulobacter segnis	Bacteria	1	0.00875131	0.00875131		
D003863	species	89059	Lactobacillus acidipiscis	Bacteria	1	0.00125019	0.00125019		
D003863	species	90728	Desulfatiglans anilini	Bacteria	1	0.00106802	0.00106802		
D003863	species	90733	Desulfobacterium indolicum	Bacteria	1	0.00125019	0.00125019		
D003863	species	90736	Moritella marina	Bacteria	1	0.000534008	0.000534008		
D003863	species	100176	Papillibacter cinnamivorans	Bacteria	1	0.00128168	0.00128168		
D003863	species	100379	Onion yellows phytoplasma	Bacteria	1	0.00106802	0.00106802		
D003863	species	102127	Geitlerinema sp. PCC 7105	Bacteria	1	0.000534008	0.000534008		
D003863	species	103891	Veillonella criceti	Bacteria	1	0.00750113	0.00750113		
D003863	species	104102	Acetobacter tropicalis	Bacteria	1	0.00106802	0.00106802		
D003863	species	108007	Thermanaerovibrio velox	Bacteria	1	0.00106802	0.00106802		
D003863	species	108150	Thermoanaerobacter italicus	Bacteria	1	0.00125019	0.00125019		
D003863	species	108819	Coprothermobacter platensis	Bacteria	1	0.000534008	0.000534008		
D003863	species	109258	Desulfacinum hydrothermale	Bacteria	1	0.00106276	0.00106276		
D003863	species	112002	Psychrobacter pacificensis	Bacteria	1	0.00250038	0.00250038		
D003863	species	112900	Sporomusa acidovorans	Bacteria	1	0.00125019	0.00125019		
D003863	species	112901	Sporomusa malonica	Bacteria	1	0.00106276	0.00106276		
D003863	species	113560	Actinoplanes consettensis	Bacteria	1	0.00125019	0.00125019		
D003863	species	114527	Mogibacterium diversum	Bacteria	1	0.000640841	0.000640841		
D003863	species	114652	Streptococcus orisratti	Bacteria	1	0.00125019	0.00125019		
D003863	species	114702	Actinomyces lingnae	Bacteria	1	0.000640841	0.000640841		
D003863	species	121608	Paenibacillus koleovorans	Bacteria	1	0.00125019	0.00125019		
D003863	species	128944	Aerococcus urinaehominis	Bacteria	1	0.00125019	0.00125019		
D003863	species	131540	Thiomicrospira arctica	Bacteria	1	0.00106802	0.00106802		
D003863	species	132919	Rhodococcus jostii	Bacteria	1	0.000640841	0.000640841		
D003863	species	134821	Ureaplasma parvum	Bacteria	1	0.00250038	0.00250038		
D003863	species	134984	Nocardia fluminea	Bacteria	1	0.00250038	0.00250038		
D003863	species	135082	Selenomonas infelix	Bacteria	1	0.000534008	0.000534008		
D003863	species	136241	Mycoplasma haemocanis	Bacteria	1	0.00375056	0.00375056		
D003863	species	137357	Lactobacillus equi	Bacteria	1	0.000534008	0.000534008		
D003863	species	137461	Aerosphaera taetra	Bacteria	1	0.00106802	0.00106802		
D003863	species	137591	Weissella cibaria	Bacteria	1	0.00875131	0.00875131		
D003863	species	139808	Shimazuella kribbensis	Bacteria	1	0.000534008	0.000534008		
D003863	species	148813	Sulfuricurvum kujiense	Bacteria	1	0.00192252	0.00192252		
D003863	species	148814	Lactobacillus kunkeei	Bacteria	1	0.00125019	0.00125019		
D003863	species	150060	Halonatronum saccharophilum	Bacteria	1	0.00125019	0.00125019		
D003863	species	150172	Flavobacterium tegetincola	Bacteria	1	0.00125019	0.00125019		
D003863	species	150829	Treponema azotonutricium	Bacteria	1	0.00125019	0.00125019		
D003863	species	155892	Caulobacter vibrioides	Bacteria	1	0.00125019	0.00125019		
D003863	species	157463	Fructobacillus ficulneus	Bacteria	1	0.00125019	0.00125019		
D003863	species	157692	Leptotrichia goodfellowii	Bacteria	1	0.000640841	0.000640841		
D003863	species	158787	Bifidobacterium scardovii	Bacteria	1	0.00500075	0.00500075		
D003863	species	160660	Acidihalobacter prosperus	Bacteria	1	0.0112517	0.0112517		
D003863	species	161156	Thermodesulfobacterium hydrogeniphilum	Bacteria	1	0.000534008	0.000534008		
D003863	species	163665	Dysgonomonas mossii	Bacteria	1	0.000640841	0.000640841		
D003863	species	164514	Blattabacterium punctulatus	Bacteria	1	0.000640841	0.000640841		
D003863	species	165813	Sporanaerobacter acetigenes	Bacteria	1	0.00125019	0.00125019		
D003863	species	168697	Salinispora arenicola	Bacteria	1	0.00106276	0.00106276		
D003863	species	170367	Paenibacillus anaericanus	Bacteria	1	0.00125019	0.00125019		
D003863	species	171402	Paenibacillus sp. DSM 1474	Bacteria	1	0.00125019	0.00125019		
D003863	species	173480	Gemmatimonas aurantiaca	Bacteria	1	0.000640841	0.000640841		
D003863	species	175696	Thermaerobacter subterraneus	Bacteria	1	0.00250038	0.00250038		
D003863	species	176292	Lactobacillus malefermentans	Bacteria	1	0.00125019	0.00125019		
D003863	species	177400	Anaerophaga thermohalophila	Bacteria	1	0.00106276	0.00106276		
D003863	species	177972	Shuttleworthia satelles	Bacteria	1	0.000640841	0.000640841		
D003863	species	178606	Leptospirillum ferriphilum	Bacteria	1	0.000640841	0.000640841		
D003863	species	180311	Hespellia stercorisuis	Bacteria	1	0.000534008	0.000534008		
D003863	species	182210	Desulfovibrio aespoeensis	Bacteria	1	0.00106276	0.00106276		
D003863	species	182710	Oceanobacillus iheyensis	Bacteria	1	0.00125019	0.00125019		
D003863	species	187868	Acidovorax valerianellae	Bacteria	1	0.000640841	0.000640841		
D003863	species	191960	Sedimenticola selenatireducens	Bacteria	1	0.000534008	0.000534008		
D003863	species	196024	Aeromonas dhakensis	Bacteria	1	0.00125019	0.00125019		
D003863	species	196162	Nocardioides sp. JS614	Bacteria	1	0.000534008	0.000534008		
D003863	species	197162	Deferribacter desulfuricans	Bacteria	1	0.00250038	0.00250038		
D003863	species	197345	Psychroflexus tropicus	Bacteria	1	0.00125019	0.00125019		
D003863	species	197614	Streptococcus pasteurianus	Bacteria	1	0.00160203	0.00160203		
D003863	species	199441	Bacillus krulwichiae	Bacteria	1	0.00106276	0.00106276		
D003863	species	199592	Microbacterium paraoxydans	Bacteria	1	0.00128168	0.00128168		
D003863	species	202261	Virgibacillus kekensis	Bacteria	1	0.00106276	0.00106276		
D003863	species	202747	Sulfurimonas autotrophica	Bacteria	1	0.00125019	0.00125019		
D003863	species	206403	Sulfurovum lithotrophicum	Bacteria	1	0.000534008	0.000534008		
D003863	species	209463	Bacillus senegalensis	Bacteria	1	0.000534008	0.000534008		
D003863	species	215591	Treponema caldarium	Bacteria	1	0.00125019	0.00125019		
D003863	species	215803	Enhygromyxa salina	Bacteria	1	0.000534008	0.000534008		
D003863	species	216816	Bifidobacterium longum	Bacteria	1	0.0912637	0.0912637		
D003863	species	216941	Spiroplasma leptinotarsae	Bacteria	1	0.000640841	0.000640841		
D003863	species	216946	Spiroplasma turonicum	Bacteria	1	0.00125019	0.00125019		
D003863	species	225196	Geopsychrobacter electrodiphilus	Bacteria	1	0.00250038	0.00250038		
D003863	species	229549	Streptococcus minor	Bacteria	1	0.00250038	0.00250038		
D003863	species	232721	Acidovorax sp. JS42	Bacteria	1	0.00212551	0.00212551		
D003863	species	233055	Desulfitobacterium dichloroeliminans	Bacteria	1	0.00106276	0.00106276		
D003863	species	238834	Clostridium estertheticum	Bacteria	1	0.00250038	0.00250038		
D003863	species	242750	Prevotella bergensis	Bacteria	1	0.000534008	0.000534008		
D003863	species	246618	Bifidobacterium thermacidophilum	Bacteria	1	0.00250038	0.00250038		
D003863	species	247632	marine gamma proteobacterium HTCC2089	Bacteria	1	0.00106276	0.00106276		
D003863	species	249351	Flavobacterium psychrolimnae	Bacteria	1	0.00106276	0.00106276		
D003863	species	253256	Soehngenia saccharolytica	Bacteria	1	0.00213603	0.00213603		
D003863	species	256326	Psychrobacter arenosus	Bacteria	1	0.00125019	0.00125019		
D003863	species	261685	Thermosinus carboxydivorans	Bacteria	1	0.000534008	0.000534008		
D003863	species	264463	Anaerosporobacter mobilis	Bacteria	1	0.00106276	0.00106276		
D003863	species	264641	Desulfitibacter alkalitolerans	Bacteria	1	0.00125019	0.00125019		
D003863	species	266762	Porphyromonas gingivicanis	Bacteria	1	0.000640841	0.000640841		
D003863	species	267818	Lactobacillus kefiranofaciens	Bacteria	1	0.00750113	0.00750113		
D003863	species	270496	Desulfovibrio putealis	Bacteria	1	0.00425102	0.00425102		
D003863	species	273164	Pontibacillus marinus	Bacteria	1	0.00125019	0.00125019		
D003863	species	273168	Novosphingobium naphthalenivorans	Bacteria	1	0.000640841	0.000640841		
D003863	species	273528	Exiguobacterium marinum	Bacteria	1	0.000640841	0.000640841		
D003863	species	279832	Suttonella ornithocola	Bacteria	1	0.000534008	0.000534008		
D003863	species	280473	Aquiflexum balticum	Bacteria	1	0.000640841	0.000640841		
D003863	species	281362	Dechloromonas denitrificans	Bacteria	1	0.00125019	0.00125019		
D003863	species	285268	Acetobacter nitrogenifigens	Bacteria	1	0.00160203	0.00160203		
D003863	species	287478	Hellea balneolensis	Bacteria	1	0.00250038	0.00250038		
D003863	species	287535	Balneola vulgaris	Bacteria	1	0.00125019	0.00125019		
D003863	species	290588	Bacillus oshimensis	Bacteria	1	0.000640841	0.000640841		
D003863	species	292566	Dactylococcopsis salina	Bacteria	1	0.000640841	0.000640841		
D003863	species	294935	Enterovibrio coralii	Bacteria	1	0.000640841	0.000640841		
D003863	species	299567	Adhaeribacter aquaticus	Bacteria	1	0.000640841	0.000640841		
D003863	species	300231	Glaciecola nitratireducens	Bacteria	1	0.000534008	0.000534008		
D003863	species	301585	Spiroplasma platyhelix	Bacteria	1	0.00375056	0.00375056		
D003863	species	305719	Prevotella baroniae	Bacteria	1	0.00375056	0.00375056		
D003863	species	312277	Flavobacterium indicum	Bacteria	1	0.00125019	0.00125019		
D003863	species	312279	Emticicia oligotrophica	Bacteria	1	0.00106276	0.00106276		
D003863	species	313985	Geobacter lovleyi	Bacteria	1	0.00250038	0.00250038		
D003863	species	319054	Janibacter anophelis	Bacteria	1	0.000640841	0.000640841		
D003863	species	319238	Sediminicola luteus	Bacteria	1	0.00125019	0.00125019		
D003863	species	324057	Paenibacillus sp. JDR-2	Bacteria	1	0.000534008	0.000534008		
D003863	species	326544	Paraglaciecola psychrophila	Bacteria	1	0.00106276	0.00106276		
D003863	species	327277	Bifidobacterium crudilactis	Bacteria	1	0.00125019	0.00125019		
D003863	species	332095	Dethiosulfatibacter aminovorans	Bacteria	1	0.00250038	0.00250038		
D003863	species	332249	Truepera radiovictrix	Bacteria	1	0.00625094	0.00625094		
D003863	species	332999	Pedobacter suwonensis	Bacteria	1	0.00192252	0.00192252		
D003863	species	336261	Thermovirga lienii	Bacteria	1	0.00125019	0.00125019		
D003863	species	336989	Pontibacter roseus	Bacteria	1	0.000640841	0.000640841		
D003863	species	339866	Thiomonas bhubaneswarensis	Bacteria	1	0.00106802	0.00106802		
D003863	species	341694	Peptostreptococcus stomatis	Bacteria	1	0.00125019	0.00125019		
D003863	species	343332	Kopriimonas byunsanensis	Bacteria	1	0.00106276	0.00106276		
D003863	species	346181	Lysobacter daejeonensis	Bacteria	1	0.000534008	0.000534008		
D003863	species	351052	Alkalilimnicola ehrlichii	Bacteria	1	0.00125019	0.00125019		
D003863	species	356829	Bifidobacterium tsurumiense	Bacteria	1	0.040006	0.040006		
D003863	species	363832	Solirubrobacter soli	Bacteria	1	0.00125019	0.00125019		
D003863	species	365033	Aureispira marina	Bacteria	1	0.000534008	0.000534008		
D003863	species	366522	Sulfurospirillum cavolei	Bacteria	1	0.00125019	0.00125019		
D003863	species	371036	Bacillus acidiceler	Bacteria	1	0.00267004	0.00267004		
D003863	species	373994	Rivularia sp. PCC 7116	Bacteria	1	0.000534008	0.000534008		
D003863	species	375929	Natranaerobius thermophilus	Bacteria	1	0.00125019	0.00125019		
D003863	species	376490	Desulfovibrio bizertensis	Bacteria	1	0.000640841	0.000640841		
D003863	species	379597	Halomonas sinaiensis	Bacteria	1	0.00106276	0.00106276		
D003863	species	384638	[Bacteroides] pectinophilus	Bacteria	1	0.00125019	0.00125019		
D003863	species	385025	Cycloclasticus sp. P1	Bacteria	1	0.000534008	0.000534008		
D003863	species	390842	Lactobacillus parafarraginis	Bacteria	1	0.00125019	0.00125019		
D003863	species	390884	Echinicola vietnamensis	Bacteria	1	0.000534008	0.000534008		
D003863	species	392842	Desulfothermus okinawensis	Bacteria	1	0.00106276	0.00106276		
D003863	species	394340	Asaccharobacter celatus	Bacteria	1	0.00128168	0.00128168		
D003863	species	396812	Fulvivirga kasyanovii	Bacteria	1	0.00125019	0.00125019		
D003863	species	398743	Zunongwangia profunda	Bacteria	1	0.000640841	0.000640841		
D003863	species	399579	Thermogymnomonas acidicola	Archaea	1	0.00125019	0.00125019		
D003863	species	400092	Pontibacter korlensis	Bacteria	1	0.00125019	0.00125019		
D003863	species	402877	Syntrophomonas palmitatica	Bacteria	1	0.000534008	0.000534008		
D003863	species	412593	Thermosulfidibacter takaii	Bacteria	1	0.00160203	0.00160203		
D003863	species	415425	Flavobacterium terrae	Bacteria	1	0.00125019	0.00125019		
D003863	species	415956	Sphingobacterium composti Yoo et al. 2007	Bacteria	1	0.000640841	0.000640841		
D003863	species	423605	Elusimicrobium minutum	Bacteria	1	0.000534008	0.000534008		
D003863	species	425254	Cellulosilyticum ruminicola	Bacteria	1	0.000534008	0.000534008		
D003863	species	426421	Sediminibacterium salmoneum	Bacteria	1	0.00250038	0.00250038		
D003863	species	426599	Fulvibacter tottoriensis	Bacteria	1	0.000640841	0.000640841		
D003863	species	427923	Desulfurivibrio alkaliphilus	Bacteria	1	0.00125019	0.00125019		
D003863	species	431553	Spirosoma luteum	Bacteria	1	0.000640841	0.000640841		
D003863	species	442734	Lewinella antarctica	Bacteria	1	0.00125019	0.00125019		
D003863	species	444923	Rhodoplanes piscinae	Bacteria	1	0.000534008	0.000534008		
D003863	species	446660	Adlercreutzia equolifaciens	Bacteria	1	0.000534008	0.000534008		
D003863	species	446683	Niabella soli	Bacteria	1	0.00128168	0.00128168		
D003863	species	453230	Desulfarculus baarsii	Bacteria	1	0.000640841	0.000640841		
D003863	species	453816	Bdellovibrio exovorus	Bacteria	1	0.000534008	0.000534008		
D003863	species	456327	Xanthomonas euvesicatoria	Bacteria	1	0.00125019	0.00125019		
D003863	species	457173	Phenylobacterium composti	Bacteria	1	0.00125019	0.00125019		
D003863	species	459515	Nakamurella lactea	Bacteria	1	0.000534008	0.000534008		
D003863	species	467094	Ilumatobacter coccineus	Bacteria	1	0.00250038	0.00250038		
D003863	species	467210	Lachnoanaerobaculum saburreum	Bacteria	1	0.00106276	0.00106276		
D003863	species	467976	Iamia majanohamensis	Bacteria	1	0.00250038	0.00250038		
D003863	species	470765	Bacillus sp. YIM C579	Bacteria	1	0.000534008	0.000534008		
D003863	species	471499	Dasania marina	Bacteria	1	0.00125019	0.00125019		
D003863	species	471511	Bifidobacterium bombi	Bacteria	1	0.00250038	0.00250038		
D003863	species	471827	Candidatus Desulforudis audaxviator	Bacteria	1	0.000534008	0.000534008		
D003863	species	472113	Geofilum rubicundum	Bacteria	1	0.00192252	0.00192252		
D003863	species	477976	Calditerrivibrio nitroreducens	Bacteria	1	0.00106276	0.00106276		
D003863	species	483012	Lactobacillus cacaonum	Bacteria	1	0.00125019	0.00125019		
D003863	species	486407	Paenochrobactrum glaciei	Bacteria	1	0.000640841	0.000640841		
D003863	species	497724	Campylobacter subantarcticus	Bacteria	1	0.00106276	0.00106276		
D003863	species	499229	Tepidanaerobacter acetatoxydans	Bacteria	1	0.000640841	0.000640841		
D003863	species	502558	Eggerthella sp. YY7918	Bacteria	1	0.0108943	0.0108943		
D003863	species	503170	Salisaeta longa	Bacteria	1	0.000534008	0.000534008		
D003863	species	518643	Bifidobacterium mongoliense	Bacteria	1	0.00125019	0.00125019		
D003863	species	519440	Deinococcus aquatilis	Bacteria	1	0.00250038	0.00250038		
D003863	species	520083	Lactobacillus sp. KLDS 1.0716	Bacteria	1	0.000534008	0.000534008		
D003863	species	521157	Weissella sp. KLDS 7.0701	Bacteria	1	0.00125019	0.00125019		
D003863	species	522298	Niabella ginsengisoli	Bacteria	1	0.00125019	0.00125019		
D003863	species	525917	Thiothrix lacustris	Bacteria	1	0.00125019	0.00125019		
D003863	species	552810	Dehalogenimonas lykanthroporepellens	Bacteria	1	0.00125019	0.00125019		
D003863	species	555313	Phocaeicola abscessus	Bacteria	1	0.00128168	0.00128168		
D003863	species	561365	Maribacter arcticus	Bacteria	1	0.00125019	0.00125019		
D003863	species	574375	Bacillus gaemokensis	Bacteria	1	0.0100015	0.0100015		
D003863	species	574963	Wandonia haliotis	Bacteria	1	0.00125019	0.00125019		
D003863	species	579160	Halomonas sp. YIM 90512	Bacteria	1	0.000534008	0.000534008		
D003863	species	588932	Brevundimonas naejangsanensis	Bacteria	1	0.000640841	0.000640841		
D003863	species	596085	Prevotella aurantiaca	Bacteria	1	0.00106802	0.00106802		
D003863	species	600645	Aeromonas piscicola	Bacteria	1	0.00125019	0.00125019		
D003863	species	623280	Parapedobacter luteus	Bacteria	1	0.00250038	0.00250038		
D003863	species	624186	Blattabacterium sp. (Blattella germanica)	Bacteria	1	0.00106802	0.00106802		
D003863	species	626938	Succinatimonas hippei	Bacteria	1	0.00106276	0.00106276		
D003863	species	626947	Parasutterella secunda	Bacteria	1	0.00534008	0.00534008		
D003863	species	638619	Bifidobacterium actinocoloniiforme	Bacteria	1	0.0100015	0.0100015		
D003863	species	644220	Marinicella litoralis	Bacteria	1	0.000534008	0.000534008		
D003863	species	644281	Methanocaldococcus sp. FS406-22	Archaea	1	0.00125019	0.00125019		
D003863	species	649724	Clostridium sp. ATCC BAA-442	Bacteria	1	0.00106276	0.00106276		
D003863	species	649841	Sulfuricella denitrificans	Bacteria	1	0.00125019	0.00125019		
D003863	species	651457	Kosmotoga olearia	Bacteria	1	0.00125019	0.00125019		
D003863	species	656519	Halanaerobium hydrogeniformans	Bacteria	1	0.00106276	0.00106276		
D003863	species	657017	Actinophytocola timorensis	Bacteria	1	0.000640841	0.000640841		
D003863	species	659243	Bacillus siamensis	Bacteria	1	0.000534008	0.000534008		
D003863	species	660064	Methermicoccus shengliensis	Archaea	1	0.00125019	0.00125019		
D003863	species	669359	Geminocystis herdmanii	Bacteria	1	0.00125019	0.00125019		
D003863	species	670293	Segetibacter aerophilus	Bacteria	1	0.00125019	0.00125019		
D003863	species	680118	Methanothermobacter tenebrarum	Archaea	1	0.00125019	0.00125019		
D003863	species	683124	Flavobacterium haoranii	Bacteria	1	0.000640841	0.000640841		
D003863	species	705309	Bifidobacterium sp. JCM 6439	Bacteria	1	0.00125019	0.00125019		
D003863	species	706566	Meniscus glaucopis	Bacteria	1	0.00250038	0.00250038		
D003863	species	706570	Pseudomonas flexibilis	Bacteria	1	0.00250038	0.00250038		
D003863	species	717609	Caldicellulosiruptor obsidiansis	Bacteria	1	0.000534008	0.000534008		
D003863	species	748811	Sulfuritalea hydrogenivorans	Bacteria	1	0.000534008	0.000534008		
D003863	species	754477	Methylophaga frappieri	Bacteria	1	0.000534008	0.000534008		
D003863	species	762209	Bifidobacterium callitrichos	Bacteria	1	0.00250038	0.00250038		
D003863	species	762212	Bifidobacterium biavatii	Bacteria	1	0.00375056	0.00375056		
D003863	species	863372	Herbaspirillum huttiense	Bacteria	1	0.000534008	0.000534008		
D003863	species	870903	Terriglobus saanensis	Bacteria	1	0.000534008	0.000534008		
D003863	species	885581	Desulfosporosinus acidiphilus	Bacteria	1	0.00125019	0.00125019		
D003863	species	907224	Peptoniphilus methioninivorax	Bacteria	1	0.00125019	0.00125019		
D003863	species	911092	Caldanaerobacter subterraneus	Bacteria	1	0.00125019	0.00125019		
D003863	species	933080	Oxalobacter vibrioformis	Bacteria	1	0.00212551	0.00212551		
D003863	species	937251	Youngiibacter multivorans	Bacteria	1	0.00250038	0.00250038		
D003863	species	946336	Acidicapsa borealis	Bacteria	1	0.00250038	0.00250038		
D003863	species	947013	Chryseolinea serpens	Bacteria	1	0.00125019	0.00125019		
D003863	species	980427	Deinococcus wulumuqiensis	Bacteria	1	0.00125019	0.00125019		
D003863	species	999468	Sphingobacterium sp. LMG 8345	Bacteria	1	0.00128168	0.00128168		
D003863	species	1005741	Saprospiraceae bacterium KMM 9006	Bacteria	1	0.000640841	0.000640841		
D003863	species	1041504	Candidatus Arthromitus sp. SFB-rat-Yit	Bacteria	1	0.00250038	0.00250038		
D003863	species	1042156	Clostridium sp. SY8519	Bacteria	1	0.00106276	0.00106276		
D003863	species	1086703	Luteolibacter luojiensis	Bacteria	1	0.000534008	0.000534008		
D003863	species	1113613	Paenibacillus sp. NBRC 13579	Bacteria	1	0.00106276	0.00106276		
D003863	species	1113655	Psychrobacter sp. NBRC 15736	Bacteria	1	0.00106802	0.00106802		
D003863	species	1113741	Bacillus sp. NBRC 101250	Bacteria	1	0.000640841	0.000640841		
D003863	species	1113768	Hymenobacter sp. NBRC 101361	Bacteria	1	0.00125019	0.00125019		
D003863	species	1113785	Brochothrix sp. NBRC 101651	Bacteria	1	0.00125019	0.00125019		
D003863	species	1114067	Weissella sp. NBRC 107245	Bacteria	1	0.000640841	0.000640841		
D003863	species	1124188	Flavobacterium fontis	Bacteria	1	0.000640841	0.000640841		
D003863	species	1133364	Paenibacillus vulneris	Bacteria	1	0.00106276	0.00106276		
D003863	species	1134405	Melioribacter roseus	Bacteria	1	0.00375056	0.00375056		
D003863	species	1137799	Endozoicomonas numazuensis	Bacteria	1	0.000640841	0.000640841		
D003863	species	1146890	Paenibacillus sp. YIM 110206	Bacteria	1	0.00106276	0.00106276		
D003863	species	1168035	Tangfeifania diversioriginum	Bacteria	1	0.00106276	0.00106276		
D003863	species	1173027	Microcoleus sp. PCC 7113	Bacteria	1	0.00250038	0.00250038		
D003863	species	1202724	Flavobacterium akiainvivens	Bacteria	1	0.000534008	0.000534008		
D003863	species	1203033	Lactobacillus hominis	Bacteria	1	0.00125019	0.00125019		
D003863	species	1223514	Corynebacterium humireducens	Bacteria	1	0.00125019	0.00125019		
D003863	species	1229909	Candidatus Nitrosopumilus sp. AR2	Archaea	1	0.000640841	0.000640841		
D003863	species	1316444	Blattabacterium sp. (Nauphoeta cinerea)	Bacteria	1	0.00106276	0.00106276		
D003863	species	1385386	Streptococcus sp. MR-1933	Bacteria	1	0.00125019	0.00125019		
D003863	species	1399115	Exiguobacterium sp. MH3	Bacteria	1	0.000640841	0.000640841		
D003863	species	1416614	Gloeobacter kilaueensis	Bacteria	1	0.000534008	0.000534008		
D003863	species	1452487	Crenobacter luteus	Bacteria	1	0.000640841	0.000640841		
D003863	species	1463837	Streptomyces sp. NRRL B-3253	Bacteria	1	0.000534008	0.000534008		
D003863	species	1463908	Streptomyces sp. NRRL S-455	Bacteria	1	0.000534008	0.000534008		
D003863	species	1463921	Streptomyces sp. NRRL S-920	Bacteria	1	0.00125019	0.00125019		
D003863	species	1484693	Rhodoferax saidenbachensis	Bacteria	1	0.000534008	0.000534008		
D003863	species	1516126	Dysgonomonas termitidis	Bacteria	1	0.00375056	0.00375056		
D003863	species	1579979	Wenzhouxiangella marina	Bacteria	1	0.00125019	0.00125019		
D003863	species	1586267	Apibacter mensalis	Bacteria	1	0.00125019	0.00125019		
D003863	species	1603886	Bifidobacterium lemurum	Bacteria	1	0.00250038	0.00250038		
D003863	species	1611423	Flavobacterium sp. DSM 9626	Bacteria	1	0.000534008	0.000534008		
D003863	species	1707527	Brevibacillus sediminis	Bacteria	1	0.000534008	0.000534008		
D003863	species	1755603	Bacteroides sp. MC_12	Bacteria	1	0.000640841	0.000640841		
D003863	species	1793963	Bacillus nakamurai	Bacteria	1	0.00125019	0.00125019		
D003863	species	1820336	Colwellia sediminilitoris	Bacteria	1	0.00125019	0.00125019		
D003863	species	1849103	Flexivirga endophytica	Bacteria	1	0.00125019	0.00125019		
